num,name,class
100001,동화약품,kospi
100002,KR모터스,kospi
100003,경방,kospi
100004,메리츠화재,kospi
100005,삼양홀딩스,kospi
100006,삼양홀딩스우,kospi
100007,하이트진로,kospi
100008,하이트진로2우B,kospi
100009,유한양행,kospi
100010,유한양행우,kospi
100011,CJ대한통운,kospi
100012,하이트진로홀딩스,kospi
100013,하이트진로홀딩스우,kospi
100014,두산,kospi
100015,두산우,kospi
100016,두산2우B,kospi
100017,성창기업지주,kospi
100018,DL,kospi
100019,DL우,kospi
100020,유유제약,kospi
100021,유유제약1우,kospi
100022,유유제약2우B,kospi
100023,일동홀딩스,kospi
100024,한국앤컴퍼니,kospi
100025,기아,kospi
100026,대유플러스,kospi
100027,노루홀딩스,kospi
100028,노루홀딩스우,kospi
100029,한화손해보험,kospi
100030,삼화페인트,kospi
100031,롯데손해보험,kospi
100032,대원강업,kospi
100033,조선내화,kospi
100034,대동,kospi
100035,가온전선,kospi
100036,삼일제약,kospi
100037,흥국화재,kospi
100038,흥국화재우,kospi
100039,흥국화재2우B,kospi
100040,CS홀딩스,kospi
100041,동아쏘시오홀딩스,kospi
100042,천일고속,kospi
100043,SK하이닉스,kospi
100044,영풍,kospi
100045,LS네트웍스,kospi
100046,유수홀딩스,kospi
100047,현대건설,kospi
100048,현대건설우,kospi
100049,이화산업,kospi
100050,삼성화재,kospi
100051,삼성화재우,kospi
100052,화천기공,kospi
100053,강남제비스코,kospi
100054,한화,kospi
100055,한화우,kospi
100056,한화3우B,kospi
100057,보해양조,kospi
100058,유니온,kospi
100059,전방,kospi
100060,한국주철관,kospi
100061,DB하이텍,kospi
100062,DB하이텍1우,kospi
100063,페이퍼코리아,kospi
100064,CJ,kospi
100065,CJ우,kospi
100066,CJ4우(전환),kospi
100067,JW중외제약,kospi
100068,JW중외제약우,kospi
100069,JW중외제약2우B,kospi
100070,대한방직,kospi
100071,만호제강,kospi
100072,LX인터내셔널,kospi
100073,대한제분,kospi
100074,국보,kospi
100075,유진투자증권,kospi
100076,금호전기,kospi
100077,동국제강,kospi
100078,GS글로벌,kospi
100079,남광토건,kospi
100080,부국증권,kospi
100081,부국증권우,kospi
100082,상상인증권,kospi
100083,백광산업,kospi
100084,삼성제약,kospi
100085,SG글로벌,kospi
100086,KG케미칼,kospi
100087,태원물산,kospi
100088,세아베스틸,kospi
100089,대한전선,kospi
100090,현대해상,kospi
100091,BYC,kospi
100092,BYC우,kospi
100093,삼부토건,kospi
100094,현대차증권,kospi
100095,SK증권,kospi
100096,SK증권우,kospi
100097,동양,kospi
100098,동양우,kospi
100099,동양2우B,kospi
100100,동양3우B,kospi
100101,DI동일,kospi
100102,조비,kospi
100103,제일연마,kospi
100104,금양,kospi
100105,케이비아이동국실업,kospi
100106,종근당홀딩스,kospi
100107,대상,kospi
100108,대상우,kospi
100109,신영증권,kospi
100110,신영증권우,kospi
100111,SK네트웍스,kospi
100112,SK네트웍스우,kospi
100113,한양증권,kospi
100114,한양증권우,kospi
100115,SHD,kospi
100116,알루코,kospi
100117,대한제당,kospi
100118,대한제당우,kospi
100119,오리온홀딩스,kospi
100120,삼화콘덴서,kospi
100121,DL건설,kospi
100122,KISCO홀딩스,kospi
100123,코오롱,kospi
100124,코오롱우,kospi
100125,아세아,kospi
100126,비비안,kospi
100127,경농,kospi
100128,고려산업,kospi
100129,도화엔지니어링,kospi
100130,삼양통상,kospi
100131,한국수출포장,kospi
100132,동성제약,kospi
100133,한일철강,kospi
100134,고려제강,kospi
100135,롯데푸드,kospi
100136,아세아제지,kospi
100137,한진,kospi
100138,넥센타이어,kospi
100139,넥센타이어1우B,kospi
100140,SH에너지화학,kospi
100141,KCC,kospi
100142,한독,kospi
100143,범양건영,kospi
100144,삼익악기,kospi
100145,화성산업,kospi
100146,조흥,kospi
100147,제일파마홀딩스,kospi
100148,오리엔트바이오,kospi
100149,동일제강,kospi
100150,신일전자,kospi
100151,TCC스틸,kospi
100152,국제약품,kospi
100153,보락,kospi
100154,진흥기업,kospi
100155,진흥기업우B,kospi
100156,진흥기업2우B,kospi
100157,아모레G,kospi
100158,아모레G우,kospi
100159,아모레G3우(전환),kospi
100160,삼영무역,kospi
100161,SUN&L,kospi
100162,미원상사,kospi
100163,신풍제지,kospi
100164,대유에이텍,kospi
100165,TYM,kospi
100166,유성기업,kospi
100167,한국쉘석유,kospi
100168,금호건설,kospi
100169,금호건설우,kospi
100170,부광약품,kospi
100171,혜인,kospi
100172,세아제강지주,kospi
100173,에이프로젠제약,kospi
100174,코오롱글로벌,kospi
100175,코오롱글로벌우,kospi
100176,성보화학,kospi
100177,대웅,kospi
100178,일성신약,kospi
100179,디아이,kospi
100180,일신방직,kospi
100181,대원제약,kospi
100182,삼양식품,kospi
100183,태광산업,kospi
100184,한일홀딩스,kospi
100185,한국화장품제조,kospi
100186,쌍용C&E,kospi
100187,유화증권,kospi
100188,유화증권우,kospi
100189,유안타증권,kospi
100190,유안타증권우,kospi
100191,한진중공업홀딩스,kospi
100192,대한항공,kospi
100193,대한항공우,kospi
100194,영진약품,kospi
100195,한화투자증권,kospi
100196,한화투자증권우,kospi
100197,대신증권,kospi
100198,대신증권우,kospi
100199,대신증권2우B,kospi
100200,LG,kospi
100201,LG우,kospi
100202,IHQ,kospi
100203,SNT중공업,kospi
100204,넥스트사이언스,kospi
100205,방림,kospi
100206,미창석유,kospi
100207,포스코케미칼,kospi
100208,한성기업,kospi
100209,코리안리,kospi
100210,삼영화학,kospi
100211,진양산업,kospi
100212,대한화섬,kospi
100213,보령제약,kospi
100214,남양유업,kospi
100215,남양유업우,kospi
100216,사조대림,kospi
100217,롯데정밀화학,kospi
100218,현대제철,kospi
100219,SG세계물산,kospi
100220,신흥,kospi
100221,한국석유,kospi
100222,태양금속,kospi
100223,태양금속우,kospi
100224,동방,kospi
100225,한솔홀딩스,kospi
100226,신세계,kospi
100227,NPC,kospi
100228,NPC우,kospi
100229,남성,kospi
100230,현대약품,kospi
100231,세방,kospi
100232,세방우,kospi
100233,농심,kospi
100234,삼익THK,kospi
100235,서울식품,kospi
100236,서울식품우,kospi
100237,송원산업,kospi
100238,삼일씨엔에스,kospi
100239,삼화왕관,kospi
100240,세방전지,kospi
100241,깨끗한나라,kospi
100242,깨끗한나라우,kospi
100243,현대비앤지스틸,kospi
100244,현대비앤지스틸우,kospi
100245,삼천리,kospi
100246,조광피혁,kospi
100247,한솔테크닉스,kospi
100248,팜젠사이언스,kospi
100249,써니전자,kospi
100250,효성,kospi
100251,덕성,kospi
100252,덕성우,kospi
100253,DRB동일,kospi
100254,티웨이홀딩스,kospi
100255,동일산업,kospi
100256,조광페인트,kospi
100257,씨아이테크,kospi
100258,한신공영,kospi
100259,신라교역,kospi
100260,성신양회,kospi
100261,성신양회우,kospi
100262,롯데지주,kospi
100263,롯데지주우,kospi
100264,휴스틸,kospi
100265,부산주공,kospi
100266,코스모신소재,kospi
100267,SGC에너지,kospi
100268,한창,kospi
100269,빙그레,kospi
100270,녹십자홀딩스,kospi
100271,녹십자홀딩스2우,kospi
100272,롯데칠성,kospi
100273,롯데칠성우,kospi
100274,국동,kospi
100275,모나미,kospi
100276,현대차,kospi
100277,현대차우,kospi
100278,현대차2우B,kospi
100279,현대차3우B,kospi
100280,신성통상,kospi
100281,코스모화학,kospi
100282,한국공항,kospi
100283,현대그린푸드,kospi
100284,POSCO,kospi
100285,삼진제약,kospi
100286,SPC삼립,kospi
100287,삼영전자,kospi
100288,파미셀,kospi
100289,넥센,kospi
100290,넥센우,kospi
100291,크라운해태홀딩스,kospi
100292,크라운해태홀딩스우,kospi
100293,대림B&Co,kospi
100294,신영와코루,kospi
100295,풍산홀딩스,kospi
100296,원림,kospi
100297,DB손해보험,kospi
100298,에스엘,kospi
100299,휴니드,kospi
100300,대한해운,kospi
100301,삼성전자,kospi
100302,삼성전자우,kospi
100303,NH투자증권,kospi
100304,NH투자증권우,kospi
100305,이수화학,kospi
100306,동부건설,kospi
100307,동부건설우,kospi
100308,동원산업,kospi
100309,화승인더,kospi
100310,사조오양,kospi
100311,삼아알미늄,kospi
100312,SK디스커버리,kospi
100313,SK디스커버리우,kospi
100314,한국전자홀딩스,kospi
100315,제주은행,kospi
100316,LS,kospi
100317,녹십자,kospi
100318,대원전선,kospi
100319,대원전선우,kospi
100320,GS건설,kospi
100321,대구백화점,kospi
100322,카프로,kospi
100323,한일현대시멘트,kospi
100324,삼성SDI,kospi
100325,삼성SDI우,kospi
100326,인스코비,kospi
100327,대림통상,kospi
100328,대한유화,kospi
100329,삼성공조,kospi
100330,영풍제지,kospi
100331,미래에셋증권,kospi
100332,미래에셋증권우,kospi
100333,미래에셋증권2우B,kospi
100334,AK홀딩스,kospi
100335,신송홀딩스,kospi
100336,태경케미컬,kospi
100337,우성사료,kospi
100338,GS리테일,kospi
100339,일신석재,kospi
100340,미래아이앤지,kospi
100341,사조산업,kospi
100342,벽산,kospi
100343,한국특강,kospi
100344,오뚜기,kospi
100345,디티알오토모티브,kospi
100346,에이프로젠 MED,kospi
100347,샘표,kospi
100348,일양약품,kospi
100349,일양약품우,kospi
100350,동방아그로,kospi
100351,선도전기,kospi
100352,이수페타시스,kospi
100353,국도화학,kospi
100354,F&F홀딩스,kospi
100355,코리아써키트,kospi
100356,코리아써우,kospi
100357,코리아써키트2우B,kospi
100358,서연,kospi
100359,태평양물산,kospi
100360,사조동아원,kospi
100361,대덕,kospi
100362,대덕1우,kospi
100363,대동전자,kospi
100364,이건산업,kospi
100365,NI스틸,kospi
100366,남선알미늄,kospi
100367,남선알미우,kospi
100368,문배철강,kospi
100369,서흥,kospi
100370,일정실업,kospi
100371,메리츠증권,kospi
100372,윌비스,kospi
100373,아남전자,kospi
100374,율촌화학,kospi
100375,호텔신라,kospi
100376,호텔신라우,kospi
100377,금비,kospi
100378,한미사이언스,kospi
100379,동양철관,kospi
100380,KCTC,kospi
100381,경인전자,kospi
100382,삼성전기,kospi
100383,삼성전기우,kospi
100384,SIMPAC,kospi
100385,한솔로지스틱스,kospi
100386,대양금속,kospi
100387,무림페이퍼,kospi
100388,한샘,kospi
100389,신원,kospi
100390,신원우,kospi
100391,광동제약,kospi
100392,참엔지니어링,kospi
100393,대우부품,kospi
100394,태영건설,kospi
100395,태영건설우,kospi
100396,한올바이오파마,kospi
100397,KC그린홀딩스,kospi
100398,경동나비엔,kospi
100399,한창제지,kospi
100400,삼화전기,kospi
100401,한국조선해양,kospi
100402,무림P&P,kospi
100403,모토닉,kospi
100404,삼정펄프,kospi
100405,엔케이물산,kospi
100406,한화솔루션,kospi
100407,한화솔루션우,kospi
100408,명신산업,kospi
100409,영원무역홀딩스,kospi
100410,한국내화,kospi
100411,우리종금,kospi
100412,OCI,kospi
100413,한국프랜지,kospi
100414,LS ELECTRIC,kospi
100415,고려아연,kospi
100416,우진아이엔에스,kospi
100417,한솔PNS,kospi
100418,웰바이오텍,kospi
100419,현대미포조선,kospi
100420,진양폴리,kospi
100421,화천기계,kospi
100422,화신,kospi
100423,평화홀딩스,kospi
100424,아이에스동서,kospi
100425,퍼스텍,kospi
100426,S-Oil,kospi
100427,S-Oil우,kospi
100428,삼호개발,kospi
100429,진원생명과학,kospi
100430,LG이노텍,kospi
100431,에넥스,kospi
100432,CJ씨푸드,kospi
100433,CJ씨푸드1우,kospi
100434,롯데케미칼,kospi
100435,HMM,kospi
100436,현대위아,kospi
100437,삼화전자,kospi
100438,태림포장,kospi
100439,유니켐,kospi
100440,부산산업,kospi
100441,갤럭시아에스엠,kospi
100442,한농화성,kospi
100443,한신기계,kospi
100444,현대코퍼레이션,kospi
100445,금호석유,kospi
100446,금호석유우,kospi
100447,SKC,kospi
100448,STX,kospi
100449,신성이엔지,kospi
100450,DB,kospi
100451,영흥,kospi
100452,아센디오,kospi
100453,계양전기,kospi
100454,계양전기우,kospi
100455,영화금속,kospi
100456,경동인베스트,kospi
100457,현대모비스,kospi
100458,한화에어로스페이스,kospi
100459,더존비즈온,kospi
100460,경인양행,kospi
100461,HDC,kospi
100462,모나리자,kospi
100463,에스원,kospi
100464,대창,kospi
100465,일성건설,kospi
100466,화승코퍼레이션,kospi
100467,디와이,kospi
100468,계룡건설,kospi
100469,까뮤이앤씨,kospi
100470,지엠비코리아,kospi
100471,지누스,kospi
100472,한익스프레스,kospi
100473,대영포장,kospi
100474,금강공업,kospi
100475,금강공업우,kospi
100476,영보화학,kospi
100477,극동유화,kospi
100478,태경비케이,kospi
100479,한솔케미칼,kospi
100480,사조씨푸드,kospi
100481,한라,kospi
100482,동원시스템즈,kospi
100483,동원시스템즈우,kospi
100484,유니드,kospi
100485,성문전자,kospi
100486,성문전자우,kospi
100487,인디에프,kospi
100488,이스타코,kospi
100489,대창단조,kospi
100490,에이엔피,kospi
100491,부산가스,kospi
100492,예스코홀딩스,kospi
100493,큐로,kospi
100494,한국전력,kospi
100495,일진홀딩스,kospi
100496,태경산업,kospi
100497,대현,kospi
100498,삼성증권,kospi
100499,KG동부제철,kospi
100500,KG동부제철우,kospi
100501,한세예스24홀딩스,kospi
100502,환인제약,kospi
100503,신대양제지,kospi
100504,DB금융투자,kospi
100505,대성홀딩스,kospi
100506,두올,kospi
100507,퍼시스,kospi
100508,웅진,kospi
100509,광명전기,kospi
100510,명문제약,kospi
100511,우신시스템,kospi
100512,서울가스,kospi
100513,수산중공업,kospi
100514,SK텔레콤,kospi
100515,현대엘리베이,kospi
100516,풀무원,kospi
100517,광전자,kospi
100518,E1,kospi
100519,한국카본,kospi
100520,애경산업,kospi
100521,삼성에스디에스,kospi
100522,조일알미늄,kospi
100523,동원금속,kospi
100524,SK가스,kospi
100525,한온시스템,kospi
100526,신풍제약,kospi
100527,신풍제약우,kospi
100528,티에이치엔,kospi
100529,세아특수강,kospi
100530,하이트론,kospi
100531,대교,kospi
100532,대교우B,kospi
100533,한섬,kospi
100534,키다리스튜디오,kospi
100535,일진머티리얼즈,kospi
100536,아시아나항공,kospi
100537,일진디스플,kospi
100538,서원,kospi
100539,코웨이,kospi
100540,삼원강재,kospi
100541,MH에탄올,kospi
100542,한국종합기술,kospi
100543,동남합성,kospi
100544,롯데쇼핑,kospi
100545,다우기술,kospi
100546,인지컨트롤스,kospi
100547,인팩,kospi
100548,에쓰씨엔지니어링,kospi
100549,WISCOM,kospi
100550,디씨엠,kospi
100551,기업은행,kospi
100552,한국콜마홀딩스,kospi
100553,대원화성,kospi
100554,덕양산업,kospi
100555,KPX케미칼,kospi
100556,SJM홀딩스,kospi
100557,한국단자,kospi
100558,미래산업,kospi
100559,제이준코스메틱,kospi
100560,한솔홈데코,kospi
100561,이구산업,kospi
100562,남해화학,kospi
100563,한국주강,kospi
100564,디피씨,kospi
100565,부국철강,kospi
100566,동서,kospi
100567,BGF,kospi
100568,마니커,kospi
100569,세하,kospi
100570,삼성엔지니어링,kospi
100571,동아지질,kospi
100572,삼성물산,kospi
100573,삼성물산우B,kospi
100574,팬오션,kospi
100575,케이씨,kospi
100576,신도리코,kospi
100577,삼성카드,kospi
100578,제일기획,kospi
100579,KT,kospi
100580,KTB투자증권,kospi
100581,교보증권,kospi
100582,동원수산,kospi
100583,비케이탑스,kospi
100584,신세계인터내셔날,kospi
100585,신세계푸드,kospi
100586,콤텍시스템,kospi
100587,롯데관광개발,kospi
100588,황금에스티,kospi
100589,LG유플러스,kospi
100590,삼성생명,kospi
100591,KH 필룩스,kospi
100592,자화전자,kospi
100593,체시스,kospi
100594,유나이티드제약,kospi
100595,세종공업,kospi
100596,우리금융캐피탈,kospi
100597,KT&G,kospi
100598,무학,kospi
100599,두산중공업,kospi
100600,SBS,kospi
100601,LG디스플레이,kospi
100602,신세계건설,kospi
100603,NICE,kospi
100604,인천도시가스,kospi
100605,SK,kospi
100606,SK우,kospi
100607,한국토지신탁,kospi
100608,지투알,kospi
100609,백산,kospi
100610,강원랜드,kospi
100611,NAVER,kospi
100612,신세계 I&C,kospi
100613,카카오,kospi
100614,제이콘텐트리,kospi
100615,한국가스공사,kospi
100616,SNT홀딩스,kospi
100617,엔씨소프트,kospi
100618,팜스코,kospi
100619,YG PLUS,kospi
100620,LG헬로비전,kospi
100621,광주신세계,kospi
100622,하나투어,kospi
100623,키움증권,kospi
100624,HDC아이콘트롤스,kospi
100625,상신브레이크,kospi
100626,대우조선해양,kospi
100627,두산인프라코어,kospi
100628,한미반도체,kospi
100629,주연테크,kospi
100630,KSS해운,kospi
100631,코스맥스비티아이,kospi
100632,대우건설,kospi
100633,포스코인터내셔널,kospi
100634,유니온머티리얼,kospi
100635,한국항공우주,kospi
100636,동원F&B,kospi
100637,우진플라임,kospi
100638,한전KPS,kospi
100639,진양화학,kospi
100640,LG생활건강,kospi
100641,LG생활건강우,kospi
100642,LG화학,kospi
100643,LG화학우,kospi
100644,한전기술,kospi
100645,스카이라이프,kospi
100646,한미글로벌,kospi
100647,테이팩스,kospi
100648,신한지주,kospi
100649,현대홈쇼핑,kospi
100650,포스코강판,kospi
100651,세아홀딩스,kospi
100652,다스코,kospi
100653,KTcs,kospi
100654,KTis,kospi
100655,한라홀딩스,kospi
100656,종근당바이오,kospi
100657,현대로템,kospi
100658,SNT모티브,kospi
100659,LG전자,kospi
100660,LG전자우,kospi
100661,세이브존I&C,kospi
100662,셀트리온,kospi
100663,삼성출판사,kospi
100664,SK렌터카,kospi
100665,휴켐스,kospi
100666,대호에이엘,kospi
100667,대웅제약,kospi
100668,한세엠케이,kospi
100669,DSR제강,kospi
100670,현대백화점,kospi
100671,용평리조트,kospi
100672,한국금융지주,kospi
100673,한국금융지주우,kospi
100674,하이스틸,kospi
100675,지역난방공사,kospi
100676,롯데하이마트,kospi
100677,코아스,kospi
100678,STX중공업,kospi
100679,유엔젤,kospi
100680,농심홀딩스,kospi
100681,금호타이어,kospi
100682,이엔플러스,kospi
100683,새론오토모티브,kospi
100684,세진중공업,kospi
100685,유니퀘스트,kospi
100686,STX엔진,kospi
100687,텔코웨어,kospi
100688,에이블씨엔씨,kospi
100689,GS,kospi
100690,GS우,kospi
100691,CJ CGV,kospi
100692,현대리바트,kospi
100693,LIG넥스원,kospi
100694,휴비스,kospi
100695,일진다이아,kospi
100696,휠라홀딩스,kospi
100697,동양생명,kospi
100698,HSD엔진,kospi
100699,그린케미칼,kospi
100700,대한제강,kospi
100701,동양고속,kospi
100702,이월드,kospi
100703,대상홀딩스,kospi
100704,대상홀딩스우,kospi
100705,TBH글로벌,kospi
100706,엔케이,kospi
100707,미래에셋생명,kospi
100708,현대글로비스,kospi
100709,하나금융지주,kospi
100710,이리츠코크렙,kospi
100711,한화생명,kospi
100712,진도,kospi
100713,맥쿼리인프라,kospi
100714,HDC현대EP,kospi
100715,제주항공,kospi
100716,평화산업,kospi
100717,노루페인트,kospi
100718,노루페인트우,kospi
100719,메타랩스,kospi
100720,아모레퍼시픽,kospi
100721,아모레퍼시픽우,kospi
100722,세원이앤씨,kospi
100723,티웨이항공,kospi
100724,디아이씨,kospi
100725,KEC,kospi
100726,KPX홀딩스,kospi
100727,기신정기,kospi
100728,동양피스톤,kospi
100729,LF,kospi
100730,이아이디,kospi
100731,형지엘리트,kospi
100732,후성,kospi
100733,효성ITX,kospi
100734,맵스리얼티1,kospi
100735,AJ네트웍스,kospi
100736,웅진씽크빅,kospi
100737,베트남개발1,kospi
100738,JW홀딩스,kospi
100739,SK이노베이션,kospi
100740,SK이노베이션우,kospi
100741,한진중공업,kospi
100742,엠씨넥스,kospi
100743,CJ제일제당,kospi
100744,CJ제일제당 우,kospi
100745,비상교육,kospi
100746,진양홀딩스,kospi
100747,SNT에너지,kospi
100748,SBS미디어홀딩스,kospi
100749,인바이오젠,kospi
100750,해태제과식품,kospi
100751,동성케미컬,kospi
100752,쌍방울,kospi
100753,이연제약,kospi
100754,풍산,kospi
100755,일진전기,kospi
100756,한국철강,kospi
100757,KB금융,kospi
100758,한세실업,kospi
100759,우진,kospi
100760,미원홀딩스,kospi
100761,LX하우시스,kospi
100762,LX하우시스우,kospi
100763,호전실업,kospi
100764,영원무역,kospi
100765,씨에스윈드,kospi
100766,GKL,kospi
100767,락앤락,kospi
100768,대성에너지,kospi
100769,우리들휴브레인,kospi
100770,KC코트렐,kospi
100771,조선선재,kospi
100772,코오롱인더,kospi
100773,코오롱인더우,kospi
100774,아이마켓코리아,kospi
100775,한국화장품,kospi
100776,SJM,kospi
100777,한국자산신탁,kospi
100778,현대퓨처넷,kospi
100779,대성산업,kospi
100780,한미약품,kospi
100781,인터지스,kospi
100782,한전산업,kospi
100783,화인베스틸,kospi
100784,미원화학,kospi
100785,시디즈,kospi
100786,선진,kospi
100787,에스디바이오센서,kospi
100788,메리츠금융지주,kospi
100789,엔에스쇼핑,kospi
100790,코오롱플라스틱,kospi
100791,BNK금융지주,kospi
100792,DGB금융지주,kospi
100793,이마트,kospi
100794,에이리츠,kospi
100795,핸즈코퍼레이션,kospi
100796,코오롱머티리얼,kospi
100797,세화아이엠씨,kospi
100798,케이탑리츠,kospi
100799,덴티움,kospi
100800,삼양사,kospi
100801,삼양사우,kospi
100802,한국ANKOR유전,kospi
100803,하이골드3호,kospi
100804,DSR,kospi
100805,바다로19호,kospi
100806,애경유화,kospi
100807,한국타이어앤테크놀로지,kospi
100808,한국콜마,kospi
100809,동일고무벨트,kospi
100810,한국패러랠,kospi
100811,동아에스티,kospi
100812,하이골드12호,kospi
100813,JB금융지주,kospi
100814,한진칼,kospi
100815,한진칼우,kospi
100816,NHN,kospi
100817,아세아시멘트,kospi
100818,종근당,kospi
100819,더블유게임즈,kospi
100820,쿠쿠홀딩스,kospi
100821,드림텍,kospi
100822,코스맥스,kospi
100823,제이에스코퍼레이션,kospi
100824,해성디에스,kospi
100825,서연이화,kospi
100826,모두투어리츠,kospi
100827,만도,kospi
100828,삼성바이오로직스,kospi
100829,디와이파워,kospi
100830,SK디앤디,kospi
100831,한솔제지,kospi
100832,이노션,kospi
100833,금호에이치티,kospi
100834,경보제약,kospi
100835,토니모리,kospi
100836,잇츠한불,kospi
100837,현대코퍼레이션홀딩스,kospi
100838,LS전선아시아,kospi
100839,JW생명과학,kospi
100840,두산밥캣,kospi
100841,화승엔터프라이즈,kospi
100842,에이플러스에셋,kospi
100843,솔루엠,kospi
100844,샘표식품,kospi
100845,일동제약,kospi
100846,넷마블,kospi
100847,크라운제과,kospi
100848,크라운제과우,kospi
100849,현대중공업지주,kospi
100850,현대일렉트릭,kospi
100851,현대건설기계,kospi
100852,경동도시가스,kospi
100853,아시아나IDT,kospi
100854,미원에스씨,kospi
100855,오리온,kospi
100856,제일약품,kospi
100857,한화시스템,kospi
100858,진에어,kospi
100859,삼양패키징,kospi
100860,롯데제과,kospi
100861,케이씨텍,kospi
100862,BGF리테일,kospi
100863,동아타이어,kospi
100864,쿠쿠홈시스,kospi
100865,SK케미칼,kospi
100866,SK케미칼우,kospi
100867,롯데정보통신,kospi
100868,하나제약,kospi
100869,신한알파리츠,kospi
100870,HDC현대산업개발,kospi
100871,효성화학,kospi
100872,효성티앤씨,kospi
100873,효성중공업,kospi
100874,효성첨단소재,kospi
100875,에어부산,kospi
100876,한일시멘트,kospi
100877,SK바이오사이언스,kospi
100878,세아제강,kospi
100879,현대오토에버,kospi
100880,센트랄모텍,kospi
100881,우리금융지주,kospi
100882,자이에스앤디,kospi
100883,현대에너지솔루션,kospi
100884,SK바이오팜,kospi
100885,롯데리츠,kospi
100886,이지스밸류리츠,kospi
100887,두산퓨얼셀,kospi
100888,두산퓨얼셀1우,kospi
100889,두산퓨얼셀2우B,kospi
100890,솔루스첨단소재,kospi
100891,솔루스첨단소재1우,kospi
100892,솔루스첨단소재2우B,kospi
100893,NH프라임리츠,kospi
100894,교촌에프앤비,kospi
100895,KCC글라스,kospi
100896,제이알글로벌리츠,kospi
100897,이지스레지던스리츠,kospi
100898,하이브,kospi
100899,대덕전자,kospi
100900,대덕전자1우,kospi
100901,코람코에너지리츠,kospi
100902,미래에셋맵스리츠,kospi
100903,SK아이이테크놀로지,kospi
100904,티와이홀딩스,kospi
100905,티와이홀딩스우,kospi
100906,ESR켄달스퀘어리츠,kospi
100907,DL이앤씨,kospi
100908,DL이앤씨우,kospi
100909,화승알앤에이,kospi
100910,엔에이치스팩19호,kospi
100911,F&F,kospi
100912,LX홀딩스,kospi
100913,LX홀딩스1우,kospi
100914,프레스티지바이오파마,kospi
100915,엘브이엠씨홀딩스,kospi
100916,우리은행,kospi
100917,대림산업,kospi
100918,대림산업우,kospi
100919,한국타이어월드와이드,kospi
100920,기아차,kospi
100921,대동공업,kospi
100922,LG상사,kospi
100923,SG충방,kospi
100924,현대차투자증권,kospi
100925,동일방직,kospi
100926,동국실업,kospi
100927,신화실업,kospi
100928,대한제당3우B,kospi
100929,삼호,kospi
100930,한국유리,kospi
100931,한국유리우,kospi
100932,남영비비안,kospi
100933,수출포장,kospi
100934,알보젠코리아,kospi
100935,한국제지,kospi
100936,세기상사,kospi
100937,신일산업,kospi
100938,TCC동양,kospi
100939,선창산업,kospi
100940,동양물산,kospi
100941,금호산업,kospi
100942,금호산업우,kospi
100943,흥아해운,kospi
100944,쌍용양회,kospi
100945,쌍용양회우,kospi
100946,S&T중공업,kospi
100947,동원,kospi
100948,쌍용차,kospi
100949,대덕GDS,kospi
100950,대덕GDS우,kospi
100951,고려개발,kospi
100952,대림씨엔에스,kospi
100953,우리들제약,kospi
100954,성신양회2우B,kospi
100955,성신양회3우B,kospi
100956,삼광글라스,kospi
100957,동성화학,kospi
100958,신한,kospi
100959,성지건설,kospi
100960,현대시멘트,kospi
100961,미래에셋대우,kospi
100962,미래에셋대우우,kospi
100963,태경화학,kospi
100964,한국특수형강,kospi
100965,나라케이아이씨,kospi
100966,암니스,kospi
100967,도레이케미칼,kospi
100968,메리츠종금증권,kospi
100969,현대중공업,kospi
100970,한화케미칼,kospi
100971,한화케미칼우,kospi
100972,LS산전,kospi
100973,삼성중공업,kospi
100974,삼성중공우,kospi
100975,지코,kospi
100976,와이비로드,kospi
100977,두산건설,kospi
100978,현대상선,kospi
100979,성안,kospi
100980,유양디앤유,kospi
100981,현대상사,kospi
100982,영흥철강,kospi
100983,키위미디어그룹,kospi
100984,한화테크윈,kospi
100985,청호컴넷,kospi
100986,현대산업,kospi
100987,세우글로벌,kospi
100988,일성건설2우B,kospi
100989,백광소재,kospi
100990,예스코,kospi
100991,메디플란트,kospi
100992,대경기계,kospi
100993,동부제철,kospi
100994,동부제철우,kospi
100995,다우인큐브,kospi
100996,세원정공,kospi
100997,한화갤러리아타임월드,kospi
100998,동양네트웍스,kospi
100999,필룩스,kospi
101000,아주캐피탈,kospi
101001,S&T홀딩스,kospi
101002,CJ헬로,kospi
101003,아이콘트롤스,kospi
101004,포스코대우,kospi
101005,동아에스텍,kospi
101006,케이티스,kospi
101007,S&T모티브,kospi
101008,AJ렌터카,kospi
101009,이엔쓰리,kospi
101010,아이엔지생명,kospi
101011,사조해표,kospi
101012,휠라코리아,kospi
101013,두산엔진,kospi
101014,동북아13호,kospi
101015,KPX그린케미칼,kospi
101016,현대EP,kospi
101017,아비스타,kospi
101018,세원셀론텍,kospi
101019,하나니켈1호,kospi
101020,하나니켈2호,kospi
101021,S&TC,kospi
101022,아티스,kospi
101023,동성코퍼레이션,kospi
101024,웅진에너지,kospi
101025,LG하우시스,kospi
101026,LG하우시스우,kospi
101027,KGP,kospi
101028,현대에이치씨엔,kospi
101029,팀스,kospi
101030,코리아오토글라스,kospi
101031,하이골드8호,kospi
101032,한국타이어,kospi
101033,NHN엔터테인먼트,kospi
101034,광주은행,kospi
101035,넷마블게임즈,kospi
101036,현대로보틱스,kospi
101037,코라오홀딩스,kospi
101038,트러스제7호,kospi
101039,동북아12호,kospi
101040,에이프로젠KIC,kospi
101041,나노메딕스,kospi
101042,폴루스바이오팜,kospi
101043,골든브릿지증권,kospi
101044,미래에셋대우2우B,kospi
101045,에이프로젠 KIC,kospi
101046,컨버즈,kospi
101047,오렌지라이프,kospi
101048,메디파트너생명공학,kospi
101049,웅진코웨이,kospi
101050,비티원,kospi
101051,한국테크놀로지그룹,kospi
101052,카리스국보,kospi
101053,두산솔루스,kospi
101054,두산솔루스1우,kospi
101055,두산솔루스2우B,kospi
101056,케이씨씨글라스,kospi
101057,쎌마테라퓨틱스,kospi
101058,티탑스,kospi
101059,대림건설,kospi
101060,센트럴인사이트,kospi
101061,빅히트,kospi
101062,에스지씨에너지,kospi
101063,피비파마,kospi
200001,이스트아시아홀딩스,kosdaq
200002,헝셩그룹,kosdaq
200003,로스웰,kosdaq
200004,오가닉티코스메틱,kosdaq
200005,컬러레이,kosdaq
200006,윙입푸드,kosdaq
200007,삼천당제약,kosdaq
200008,중앙에너비스,kosdaq
200009,신라섬유,kosdaq
200010,안국약품,kosdaq
200011,무림SP,kosdaq
200012,이화공영,kosdaq
200013,피에스텍,kosdaq
200014,삼일기업공사,kosdaq
200015,한탑,kosdaq
200016,신신제약,kosdaq
200017,선광,kosdaq
200018,대주산업,kosdaq
200019,하림지주,kosdaq
200020,에이스침대,kosdaq
200021,한국가구,kosdaq
200022,창해에탄올,kosdaq
200023,대륙제관,kosdaq
200024,동국산업,kosdaq
200025,동진쎄미켐,kosdaq
200026,푸드웰,kosdaq
200027,대원산업,kosdaq
200028,한일사료,kosdaq
200029,매일홀딩스,kosdaq
200030,국영지앤엠,kosdaq
200031,피제이전자,kosdaq
200032,동구바이오제약,kosdaq
200033,서부T&D,kosdaq
200034,보성파워텍,kosdaq
200035,모헨즈,kosdaq
200036,푸른저축은행,kosdaq
200037,진양제약,kosdaq
200038,네이처셀,kosdaq
200039,영신금속,kosdaq
200040,대원,kosdaq
200041,대명소노시즌,kosdaq
200042,한일화학,kosdaq
200043,에스엠코어,kosdaq
200044,원풍물산,kosdaq
200045,원풍,kosdaq
200046,부스타,kosdaq
200047,대동기어,kosdaq
200048,삼아제약,kosdaq
200049,포스코엠텍,kosdaq
200050,삼보산업,kosdaq
200051,엠에스씨,kosdaq
200052,대한광통신,kosdaq
200053,흥국,kosdaq
200054,쌍용정보통신,kosdaq
200055,오리콤,kosdaq
200056,경동제약,kosdaq
200057,형지I&C,kosdaq
200058,유니크,kosdaq
200059,서한,kosdaq
200060,세보엠이씨,kosdaq
200061,뉴인텍,kosdaq
200062,원일특강,kosdaq
200063,리드코프,kosdaq
200064,신일제약,kosdaq
200065,모베이스전자,kosdaq
200066,하이록코리아,kosdaq
200067,동원개발,kosdaq
200068,아진산업,kosdaq
200069,CBI,kosdaq
200070,스페코,kosdaq
200071,아가방컴퍼니,kosdaq
200072,원익큐브,kosdaq
200073,광림,kosdaq
200074,부방,kosdaq
200075,고려제약,kosdaq
200076,성광벤드,kosdaq
200077,오리엔탈정공,kosdaq
200078,삼륭물산,kosdaq
200079,코콤,kosdaq
200080,성우하이텍,kosdaq
200081,리더스코스메틱,kosdaq
200082,SGC이테크건설,kosdaq
200083,큐캐피탈,kosdaq
200084,현대사료,kosdaq
200085,카스,kosdaq
200086,신원종합개발,kosdaq
200087,인터엠,kosdaq
200088,삼현철강,kosdaq
200089,세명전기,kosdaq
200090,대림제지,kosdaq
200091,한국알콜,kosdaq
200092,유니슨,kosdaq
200093,진로발효,kosdaq
200094,브이티지엠피,kosdaq
200095,삼목에스폼,kosdaq
200096,우진비앤지,kosdaq
200097,서울제약,kosdaq
200098,바른손,kosdaq
200099,베뉴지,kosdaq
200100,와이지-원,kosdaq
200101,일지테크,kosdaq
200102,SBI인베스트먼트,kosdaq
200103,리더스 기술투자,kosdaq
200104,엠벤처투자,kosdaq
200105,글로본,kosdaq
200106,서연탑메탈,kosdaq
200107,에너토크,kosdaq
200108,대신정보통신,kosdaq
200109,대동금속,kosdaq
200110,시공테크,kosdaq
200111,대호특수강,kosdaq
200112,대호특수강우,kosdaq
200113,에이티넘인베스트,kosdaq
200114,KCC건설,kosdaq
200115,한국큐빅,kosdaq
200116,메이슨캐피탈,kosdaq
200117,포스코 ICT,kosdaq
200118,정산애강,kosdaq
200119,태광,kosdaq
200120,유진기업,kosdaq
200121,제일제강,kosdaq
200122,CNH,kosdaq
200123,삼보판지,kosdaq
200124,한국캐피탈,kosdaq
200125,플레이위드,kosdaq
200126,동일철강,kosdaq
200127,풍국주정,kosdaq
200128,대한약품,kosdaq
200129,흥구석유,kosdaq
200130,KB오토시스,kosdaq
200131,한일단조,kosdaq
200132,유성티엔에스,kosdaq
200133,이화전기,kosdaq
200134,KBI메탈,kosdaq
200135,피에스엠씨,kosdaq
200136,케이피에프,kosdaq
200137,경창산업,kosdaq
200138,PN풍년,kosdaq
200139,삼천리자전거,kosdaq
200140,시노펙스,kosdaq
200141,대성엘텍,kosdaq
200142,한국선재,kosdaq
200143,한국정보통신,kosdaq
200144,신라에스지,kosdaq
200145,케이씨피드,kosdaq
200146,동화기업,kosdaq
200147,동신건설,kosdaq
200148,아난티,kosdaq
200149,제이에스티나,kosdaq
200150,특수건설,kosdaq
200151,광진실업,kosdaq
200152,서울전자통신,kosdaq
200153,코리아나,kosdaq
200154,아주IB투자,kosdaq
200155,상보,kosdaq
200156,팜스토리,kosdaq
200157,대성창투,kosdaq
200158,휴맥스홀딩스,kosdaq
200159,에이치엘비,kosdaq
200160,릭스솔루션,kosdaq
200161,코엔텍,kosdaq
200162,NICE평가정보,kosdaq
200163,드래곤플라이,kosdaq
200164,한글과컴퓨터,kosdaq
200165,원익홀딩스,kosdaq
200166,양지사,kosdaq
200167,아이즈비전,kosdaq
200168,에스에이엠티,kosdaq
200169,녹십자셀,kosdaq
200170,오스템,kosdaq
200171,엔에스엔,kosdaq
200172,피에스케이홀딩스,kosdaq
200173,아즈텍WB,kosdaq
200174,다우데이타,kosdaq
200175,삼일,kosdaq
200176,한국파마,kosdaq
200177,케이엠더블유,kosdaq
200178,TJ미디어,kosdaq
200179,피델릭스,kosdaq
200180,유비케어,kosdaq
200181,소프트센,kosdaq
200182,소프트센우,kosdaq
200183,삼진,kosdaq
200184,판타지오,kosdaq
200185,우리기술,kosdaq
200186,비트컴퓨터,kosdaq
200187,휴먼엔,kosdaq
200188,원익,kosdaq
200189,동일기연,kosdaq
200190,바이온,kosdaq
200191,제이엠아이,kosdaq
200192,제룡전기,kosdaq
200193,디지틀조선,kosdaq
200194,엠케이전자,kosdaq
200195,시그네틱스,kosdaq
200196,모아텍,kosdaq
200197,인성정보,kosdaq
200198,코웰패션,kosdaq
200199,엠투엔,kosdaq
200200,제이씨현시스템,kosdaq
200201,동성화인텍,kosdaq
200202,파라텍,kosdaq
200203,블루콤,kosdaq
200204,네패스,kosdaq
200205,티비씨,kosdaq
200206,파라다이스,kosdaq
200207,해성산업,kosdaq
200208,조아제약,kosdaq
200209,한국기업평가,kosdaq
200210,인터파크,kosdaq
200211,프럼파스트,kosdaq
200212,기산텔레콤,kosdaq
200213,KG이니시스,kosdaq
200214,솔본,kosdaq
200215,바른손이앤에이,kosdaq
200216,CJ ENM,kosdaq
200217,이지홀딩스,kosdaq
200218,서희건설,kosdaq
200219,JYP Ent.,kosdaq
200220,예림당,kosdaq
200221,아비코전자,kosdaq
200222,케이티알파,kosdaq
200223,위지트,kosdaq
200224,SCI평가정보,kosdaq
200225,클라우드에어,kosdaq
200226,지더블유바이텍,kosdaq
200227,금화피에스시,kosdaq
200228,유니셈,kosdaq
200229,대성미생물,kosdaq
200230,SK머티리얼즈,kosdaq
200231,SFA반도체,kosdaq
200232,영풍정밀,kosdaq
200233,감성코퍼레이션,kosdaq
200234,세종텔레콤,kosdaq
200235,HRS,kosdaq
200236,KCI,kosdaq
200237,코맥스,kosdaq
200238,심텍홀딩스,kosdaq
200239,나이스정보통신,kosdaq
200240,에프에스티,kosdaq
200241,솔브레인홀딩스,kosdaq
200242,진성티이씨,kosdaq
200243,주성엔지니어링,kosdaq
200244,파워넷,kosdaq
200245,파세코,kosdaq
200246,한국팩키지,kosdaq
200247,인지디스플레,kosdaq
200248,성도이엔지,kosdaq
200249,EG,kosdaq
200250,우리조명,kosdaq
200251,희림,kosdaq
200252,삼지전자,kosdaq
200253,쎄니트,kosdaq
200254,엘컴텍,kosdaq
200255,제일테크노스,kosdaq
200256,루멘스,kosdaq
200257,서린바이오,kosdaq
200258,에코플라스틱,kosdaq
200259,마크로젠,kosdaq
200260,레드캡투어,kosdaq
200261,바이오스마트,kosdaq
200262,삼표시멘트,kosdaq
200263,골드퍼시픽,kosdaq
200264,상상인,kosdaq
200265,위즈코프,kosdaq
200266,에스넷,kosdaq
200267,에코바이오,kosdaq
200268,아이에이,kosdaq
200269,파인디지털,kosdaq
200270,현대에이치티,kosdaq
200271,이건홀딩스,kosdaq
200272,이오테크닉스,kosdaq
200273,오스코텍,kosdaq
200274,경남스틸,kosdaq
200275,인포뱅크,kosdaq
200276,세중,kosdaq
200277,한국경제TV,kosdaq
200278,케이엘넷,kosdaq
200279,에스티아이,kosdaq
200280,다산네트웍스,kosdaq
200281,화성밸브,kosdaq
200282,한국정보공학,kosdaq
200283,오로라,kosdaq
200284,디오,kosdaq
200285,나노엔텍,kosdaq
200286,리노스,kosdaq
200287,누리플렉스,kosdaq
200288,YTN,kosdaq
200289,큐로컴,kosdaq
200290,정상제이엘에스,kosdaq
200291,SG&G,kosdaq
200292,아이씨디,kosdaq
200293,폴라리스오피스,kosdaq
200294,넥슨지티,kosdaq
200295,우리기술투자,kosdaq
200296,현대에버다임,kosdaq
200297,한국전자인증,kosdaq
200298,에스엠,kosdaq
200299,이라이콤,kosdaq
200300,젬백스지오,kosdaq
200301,인바디,kosdaq
200302,에스텍파마,kosdaq
200303,메디아나,kosdaq
200304,동아화성,kosdaq
200305,코미팜,kosdaq
200306,카페24,kosdaq
200307,케이피엠테크,kosdaq
200308,에스씨디,kosdaq
200309,비츠로테크,kosdaq
200310,네오위즈홀딩스,kosdaq
200311,링네트,kosdaq
200312,라온시큐어,kosdaq
200313,한스바이오메드,kosdaq
200314,새로닉스,kosdaq
200315,상지카일룸,kosdaq
200316,큐브앤컴퍼니,kosdaq
200317,솔고바이오,kosdaq
200318,바텍,kosdaq
200319,파루,kosdaq
200320,에이치엘비파워,kosdaq
200321,성호전자,kosdaq
200322,에쎈테크,kosdaq
200323,디지아이,kosdaq
200324,피에이치에이,kosdaq
200325,지니뮤직,kosdaq
200326,국순당,kosdaq
200327,서울리거,kosdaq
200328,자연과환경,kosdaq
200329,조광ILI,kosdaq
200330,KD,kosdaq
200331,위닉스,kosdaq
200332,블루베리 NFT,kosdaq
200333,에이치케이,kosdaq
200334,이글벳,kosdaq
200335,오공,kosdaq
200336,한양이엔지,kosdaq
200337,성우테크론,kosdaq
200338,토탈소프트,kosdaq
200339,대아티아이,kosdaq
200340,정원엔시스,kosdaq
200341,크린앤사이언스,kosdaq
200342,에이텍,kosdaq
200343,코아시아,kosdaq
200344,코다코,kosdaq
200345,한일네트웍스,kosdaq
200346,오르비텍,kosdaq
200347,SBS콘텐츠허브,kosdaq
200348,파나진,kosdaq
200349,백금T&A,kosdaq
200350,삼화네트웍스,kosdaq
200351,KG모빌리언스,kosdaq
200352,서울반도체,kosdaq
200353,우원개발,kosdaq
200354,한빛소프트,kosdaq
200355,파워로직스,kosdaq
200356,이스트소프트,kosdaq
200357,코데즈컴바인,kosdaq
200358,초록뱀미디어,kosdaq
200359,에이치엘비제약,kosdaq
200360,오스템임플란트,kosdaq
200361,현대바이오,kosdaq
200362,유라테크,kosdaq
200363,대동스틸,kosdaq
200364,인트론바이오,kosdaq
200365,SM C&C,kosdaq
200366,TPC,kosdaq
200367,엔피케이,kosdaq
200368,시너지이노베이션,kosdaq
200369,대원미디어,kosdaq
200370,인탑스,kosdaq
200371,기가레인,kosdaq
200372,파인디앤씨,kosdaq
200373,셀루메드,kosdaq
200374,코메론,kosdaq
200375,SGA,kosdaq
200376,오픈베이스,kosdaq
200377,유아이엘,kosdaq
200378,잉크테크,kosdaq
200379,재영솔루텍,kosdaq
200380,고려신용정보,kosdaq
200381,승일,kosdaq
200382,미래컴퍼니,kosdaq
200383,쎌바이오텍,kosdaq
200384,휘닉스소재,kosdaq
200385,캠시스,kosdaq
200386,ES큐브,kosdaq
200387,에스폴리텍,kosdaq
200388,아세아텍,kosdaq
200389,쏠리드,kosdaq
200390,수산아이앤티,kosdaq
200391,지어소프트,kosdaq
200392,토비스,kosdaq
200393,인터플렉스,kosdaq
200394,피씨디렉트,kosdaq
200395,YW,kosdaq
200396,나라엠앤디,kosdaq
200397,CJ프레시웨이,kosdaq
200398,큐로홀딩스,kosdaq
200399,중앙디앤엠,kosdaq
200400,에스티큐브,kosdaq
200401,iMBC,kosdaq
200402,현대바이오랜드,kosdaq
200403,초록뱀컴퍼니,kosdaq
200404,코텍,kosdaq
200405,코나아이,kosdaq
200406,오성첨단소재,kosdaq
200407,아이크래프트,kosdaq
200408,한네트,kosdaq
200409,제일바이오,kosdaq
200410,아모텍,kosdaq
200411,액토즈소프트,kosdaq
200412,아이앤씨,kosdaq
200413,KMH하이텍,kosdaq
200414,바이넥스,kosdaq
200415,지에스이,kosdaq
200416,세동,kosdaq
200417,원방테크,kosdaq
200418,프리엠스,kosdaq
200419,금강철강,kosdaq
200420,구영테크,kosdaq
200421,예스24,kosdaq
200422,NE능률,kosdaq
200423,한국정보인증,kosdaq
200424,이니텍,kosdaq
200425,웹케시,kosdaq
200426,한국테크놀로지,kosdaq
200427,프로텍,kosdaq
200428,태양,kosdaq
200429,삼보모터스,kosdaq
200430,안랩,kosdaq
200431,경남제약,kosdaq
200432,오상자이엘,kosdaq
200433,한국컴퓨터,kosdaq
200434,농우바이오,kosdaq
200435,삼진엘앤디,kosdaq
200436,메디콕스,kosdaq
200437,이랜텍,kosdaq
200438,팬스타엔터프라이즈,kosdaq
200439,케이피티유,kosdaq
200440,텔레칩스,kosdaq
200441,삼영엠텍,kosdaq
200442,APS홀딩스,kosdaq
200443,에이디칩스,kosdaq
200444,대한뉴팜,kosdaq
200445,키이스트,kosdaq
200446,아이디스홀딩스,kosdaq
200447,한컴위드,kosdaq
200448,유신,kosdaq
200449,엑사이엔씨,kosdaq
200450,제이브이엠,kosdaq
200451,유진로봇,kosdaq
200452,유앤아이,kosdaq
200453,에스에프에이,kosdaq
200454,코위버,kosdaq
200455,신화인터텍,kosdaq
200456,YBM넷,kosdaq
200457,옴니시스템,kosdaq
200458,티사이언티픽,kosdaq
200459,피에이치씨,kosdaq
200460,멕아이씨에스,kosdaq
200461,KNN,kosdaq
200462,리노공업,kosdaq
200463,에스피지,kosdaq
200464,엠게임,kosdaq
200465,CMG제약,kosdaq
200466,미코,kosdaq
200467,아이컴포넌트,kosdaq
200468,아진엑스텍,kosdaq
200469,메타바이오메드,kosdaq
200470,해성티피씨,kosdaq
200471,인선이엔티,kosdaq
200472,이그잭스,kosdaq
200473,룽투코리아,kosdaq
200474,NHN한국사이버결제,kosdaq
200475,뉴보텍,kosdaq
200476,큐렉소,kosdaq
200477,3S,kosdaq
200478,KT서브마린,kosdaq
200479,동양에스텍,kosdaq
200480,국일신동,kosdaq
200481,에스에이티,kosdaq
200482,홈센타홀딩스,kosdaq
200483,드림어스컴퍼니,kosdaq
200484,씨티씨바이오,kosdaq
200485,KH바텍,kosdaq
200486,영림원소프트랩,kosdaq
200487,대한그린파워,kosdaq
200488,알에프텍,kosdaq
200489,화일약품,kosdaq
200490,엘비세미콘,kosdaq
200491,티엘아이,kosdaq
200492,피피아이,kosdaq
200493,게임빌,kosdaq
200494,서울옥션,kosdaq
200495,SM Life Design,kosdaq
200496,한국전자금융,kosdaq
200497,이엘피,kosdaq
200498,에프앤리퍼블릭,kosdaq
200499,홈캐스트,kosdaq
200500,다날,kosdaq
200501,인텍플러스,kosdaq
200502,브리지텍,kosdaq
200503,바이오니아,kosdaq
200504,티씨케이,kosdaq
200505,젬백스링크,kosdaq
200506,케이프,kosdaq
200507,에프앤가이드,kosdaq
200508,지엔코,kosdaq
200509,탑엔지니어링,kosdaq
200510,엠피대산,kosdaq
200511,넥스트BT,kosdaq
200512,신성델타테크,kosdaq
200513,위세아이텍,kosdaq
200514,이루온,kosdaq
200515,빅텍,kosdaq
200516,오리엔트정공,kosdaq
200517,휴비츠,kosdaq
200518,와이어블,kosdaq
200519,삼영이엔씨,kosdaq
200520,제낙스,kosdaq
200521,메디프론,kosdaq
200522,안트로젠,kosdaq
200523,우주일렉트로,kosdaq
200524,파커스,kosdaq
200525,서호전기,kosdaq
200526,CS,kosdaq
200527,웰크론,kosdaq
200528,하츠,kosdaq
200529,큐에스아이,kosdaq
200530,체리부로,kosdaq
200531,버킷스튜디오,kosdaq
200532,와이오엠,kosdaq
200533,우수AMS,kosdaq
200534,국보디자인,kosdaq
200535,디스플레이텍,kosdaq
200536,테라젠이텍스,kosdaq
200537,씨씨에스,kosdaq
200538,디에이피,kosdaq
200539,손오공,kosdaq
200540,엘앤에프,kosdaq
200541,이엔코퍼레이션,kosdaq
200542,조이시티,kosdaq
200543,이씨에스,kosdaq
200544,대화제약,kosdaq
200545,아프리카TV,kosdaq
200546,오텍,kosdaq
200547,멀티캠퍼스,kosdaq
200548,JW신약,kosdaq
200549,하나마이크론,kosdaq
200550,아스트,kosdaq
200551,엔브이에이치코리아,kosdaq
200552,에이치엘비생명과학,kosdaq
200553,로지시스,kosdaq
200554,세진티에스,kosdaq
200555,와이엔텍,kosdaq
200556,이글루시큐리티,kosdaq
200557,도이치모터스,kosdaq
200558,팬엔터테인먼트,kosdaq
200559,다원시스,kosdaq
200560,일신바이오,kosdaq
200561,셀트리온제약,kosdaq
200562,DMS,kosdaq
200563,디지털대성,kosdaq
200564,아이씨케이,kosdaq
200565,웹젠,kosdaq
200566,누리플랜,kosdaq
200567,유아이디,kosdaq
200568,엔텔스,kosdaq
200569,에스텍,kosdaq
200570,아이에스이커머스,kosdaq
200571,엑스큐어,kosdaq
200572,한솔인티큐브,kosdaq
200573,인피니트헬스케어,kosdaq
200574,로체시스템즈,kosdaq
200575,위니아딤채,kosdaq
200576,에이테크솔루션,kosdaq
200577,캐스텍코리아,kosdaq
200578,중앙백신,kosdaq
200579,우리산업홀딩스,kosdaq
200580,제넨바이오,kosdaq
200581,율호,kosdaq
200582,메가스터디,kosdaq
200583,빛샘전자,kosdaq
200584,에이치시티,kosdaq
200585,케이에스피,kosdaq
200586,엘엠에스,kosdaq
200587,듀오백,kosdaq
200588,이노와이어리스,kosdaq
200589,에프알텍,kosdaq
200590,우리손에프앤지,kosdaq
200591,WI,kosdaq
200592,테라사이언스,kosdaq
200593,아미노로직스,kosdaq
200594,원익QnC,kosdaq
200595,플랜티넷,kosdaq
200596,동국알앤에스,kosdaq
200597,웰크론한텍,kosdaq
200598,해성옵틱스,kosdaq
200599,덕산하이메탈,kosdaq
200600,이베스트투자증권,kosdaq
200601,유비쿼스홀딩스,kosdaq
200602,국일제지,kosdaq
200603,대봉엘에스,kosdaq
200604,HB테크놀러지,kosdaq
200605,메디포스트,kosdaq
200606,컴투스,kosdaq
200607,한양디지텍,kosdaq
200608,대주전자재료,kosdaq
200609,지나인제약,kosdaq
200610,아이오케이,kosdaq
200611,가온미디어,kosdaq
200612,코드네이처,kosdaq
200613,와토스코리아,kosdaq
200614,한창산업,kosdaq
200615,제우스,kosdaq
200616,서산,kosdaq
200617,디이엔티,kosdaq
200618,가비아,kosdaq
200619,인베니아,kosdaq
200620,동양이엔피,kosdaq
200621,투비소프트,kosdaq
200622,에스엔유,kosdaq
200623,이상네트웍스,kosdaq
200624,모두투어,kosdaq
200625,제주반도체,kosdaq
200626,모다이노칩,kosdaq
200627,성창오토텍,kosdaq
200628,오디텍,kosdaq
200629,코디,kosdaq
200630,오킨스전자,kosdaq
200631,한국유니온제약,kosdaq
200632,티플랙스,kosdaq
200633,성우전자,kosdaq
200634,옵트론텍,kosdaq
200635,젬백스,kosdaq
200636,코스나인,kosdaq
200637,비보존 헬스케어,kosdaq
200638,우리바이오,kosdaq
200639,비츠로셀,kosdaq
200640,엘오티베큠,kosdaq
200641,GST,kosdaq
200642,에프엔에스테크,kosdaq
200643,케이엠,kosdaq
200644,인콘,kosdaq
200645,비에이치아이,kosdaq
200646,CSA 코스믹,kosdaq
200647,크리스탈지노믹스,kosdaq
200648,아바코,kosdaq
200649,휴온스글로벌,kosdaq
200650,수성이노베이션,kosdaq
200651,유진테크,kosdaq
200652,랩지노믹스,kosdaq
200653,팅크웨어,kosdaq
200654,아이티엠반도체,kosdaq
200655,헬릭스미스,kosdaq
200656,루트로닉,kosdaq
200657,루트로닉3우C,kosdaq
200658,차바이오텍,kosdaq
200659,뉴프렉스,kosdaq
200660,알티캐스트,kosdaq
200661,네오티스,kosdaq
200662,바이오톡스텍,kosdaq
200663,진바이오텍,kosdaq
200664,유니테스트,kosdaq
200665,동국제약,kosdaq
200666,에코프로,kosdaq
200667,비엠티,kosdaq
200668,선진뷰티사이언스,kosdaq
200669,바이오솔루션,kosdaq
200670,이수앱지스,kosdaq
200671,메디톡스,kosdaq
200672,한컴MDS,kosdaq
200673,쇼박스,kosdaq
200674,펩트론,kosdaq
200675,모바일어플라이언스,kosdaq
200676,픽셀플러스,kosdaq
200677,동아엘텍,kosdaq
200678,이원컴포텍,kosdaq
200679,이녹스,kosdaq
200680,에이스테크,kosdaq
200681,동우팜투테이블,kosdaq
200682,켐트로닉스,kosdaq
200683,테크윙,kosdaq
200684,넥스턴바이오,kosdaq
200685,케이씨티,kosdaq
200686,THE E&M,kosdaq
200687,에이티세미콘,kosdaq
200688,나스미디어,kosdaq
200689,제이티,kosdaq
200690,유비벨록스,kosdaq
200691,코세스,kosdaq
200692,에이피티씨,kosdaq
200693,상아프론테크,kosdaq
200694,광진윈텍,kosdaq
200695,로보스타,kosdaq
200696,덕신하우징,kosdaq
200697,비에이치,kosdaq
200698,제이스텍,kosdaq
200699,휴림로봇,kosdaq
200700,연이비앤티,kosdaq
200701,현대이지웰,kosdaq
200702,이엠텍,kosdaq
200703,S&K폴리텍,kosdaq
200704,텔레필드,kosdaq
200705,상신이디피,kosdaq
200706,남화토건,kosdaq
200707,파트론,kosdaq
200708,나노캠텍,kosdaq
200709,셀트리온헬스케어,kosdaq
200710,아미코젠,kosdaq
200711,디엔에프,kosdaq
200712,이크레더블,kosdaq
200713,서울바이오시스,kosdaq
200714,현우산업,kosdaq
200715,한라IMS,kosdaq
200716,앤씨앤,kosdaq
200717,네오팜,kosdaq
200718,엑시콘,kosdaq
200719,빅솔론,kosdaq
200720,케이아이엔엑스,kosdaq
200721,풍강,kosdaq
200722,매커스,kosdaq
200723,다믈멀티미디어,kosdaq
200724,서원인텍,kosdaq
200725,동운아나텍,kosdaq
200726,칩스앤미디어,kosdaq
200727,갤럭시아머니트리,kosdaq
200728,일진파워,kosdaq
200729,슈프리마에이치큐,kosdaq
200730,참좋은여행,kosdaq
200731,네오리진,kosdaq
200732,푸른기술,kosdaq
200733,제이엠티,kosdaq
200734,이엠코리아,kosdaq
200735,웨이브일렉트로,kosdaq
200736,ISC,kosdaq
200737,미래나노텍,kosdaq
200738,테스,kosdaq
200739,네오위즈,kosdaq
200740,제넥신,kosdaq
200741,에스에너지,kosdaq
200742,이트론,kosdaq
200743,청담러닝,kosdaq
200744,대창솔루션,kosdaq
200745,씨젠,kosdaq
200746,알에프세미,kosdaq
200747,에스코넥,kosdaq
200748,멜파스,kosdaq
200749,에이루트,kosdaq
200750,엘디티,kosdaq
200751,에스맥,kosdaq
200752,윈팩,kosdaq
200753,효성오앤비,kosdaq
200754,마이크로컨텍솔,kosdaq
200755,고영,kosdaq
200756,에스티오,kosdaq
200757,아이센스,kosdaq
200758,SDN,kosdaq
200759,쎄트렉아이,kosdaq
200760,동방선기,kosdaq
200761,스맥,kosdaq
200762,이지케어텍,kosdaq
200763,모바일리더,kosdaq
200764,삼강엠앤티,kosdaq
200765,뷰웍스,kosdaq
200766,동국S&C,kosdaq
200767,머큐리,kosdaq
200768,서암기계공업,kosdaq
200769,세운메디칼,kosdaq
200770,미래에셋벤처투자,kosdaq
200771,상상인인더스트리,kosdaq
200772,월덱스,kosdaq
200773,우림기계,kosdaq
200774,씨큐브,kosdaq
200775,모베이스,kosdaq
200776,이엔드디,kosdaq
200777,아이엠,kosdaq
200778,엔시트론,kosdaq
200779,에스앤에스텍,kosdaq
200780,코리아에스이,kosdaq
200781,위메이드맥스,kosdaq
200782,인화정공,kosdaq
200783,어보브반도체,kosdaq
200784,이엔에프테크놀로지,kosdaq
200785,코오롱생명과학,kosdaq
200786,우양,kosdaq
200787,대성파인텍,kosdaq
200788,NHN벅스,kosdaq
200789,디와이피엔에프,kosdaq
200790,티케이케미칼,kosdaq
200791,코렌텍,kosdaq
200792,노랑풍선,kosdaq
200793,원익머트리얼즈,kosdaq
200794,케이엔더블유,kosdaq
200795,트루윈,kosdaq
200796,디케이락,kosdaq
200797,하이텍팜,kosdaq
200798,파인테크닉스,kosdaq
200799,디지탈옵틱,kosdaq
200800,톱텍,kosdaq
200801,LX세미콘,kosdaq
200802,대양전기공업,kosdaq
200803,로보티즈,kosdaq
200804,셀바스AI,kosdaq
200805,옵티시스,kosdaq
200806,에스와이,kosdaq
200807,디에스케이,kosdaq
200808,진매트릭스,kosdaq
200809,동일금속,kosdaq
200810,에이프로젠 H&G,kosdaq
200811,전진바이오팜,kosdaq
200812,크리스에프앤씨,kosdaq
200813,디아이티,kosdaq
200814,남화산업,kosdaq
200815,KH 일렉트론,kosdaq
200816,위메이드,kosdaq
200817,디젠스,kosdaq
200818,크루셜텍,kosdaq
200819,KPX생명과학,kosdaq
200820,폴라리스우노,kosdaq
200821,휴맥스,kosdaq
200822,인포바인,kosdaq
200823,우리넷,kosdaq
200824,지트리비앤티,kosdaq
200825,씨유메디칼,kosdaq
200826,케이씨에스,kosdaq
200827,스타플렉스,kosdaq
200828,이미지스,kosdaq
200829,연우,kosdaq
200830,알파홀딩스,kosdaq
200831,티로보틱스,kosdaq
200832,모트렉스,kosdaq
200833,포메탈,kosdaq
200834,인터로조,kosdaq
200835,아이텍,kosdaq
200836,지엔씨에너지,kosdaq
200837,다나와,kosdaq
200838,대정화금,kosdaq
200839,골프존뉴딘홀딩스,kosdaq
200840,나노신소재,kosdaq
200841,비덴트,kosdaq
200842,코이즈,kosdaq
200843,제노레이,kosdaq
200844,삼기,kosdaq
200845,KMH,kosdaq
200846,예스티,kosdaq
200847,서진오토모티브,kosdaq
200848,와이지엔터테인먼트,kosdaq
200849,와이솔,kosdaq
200850,폴라리스웍스,kosdaq
200851,엠에스오토텍,kosdaq
200852,제닉,kosdaq
200853,코리아에프티,kosdaq
200854,선데이토즈,kosdaq
200855,이엠넷,kosdaq
200856,알톤스포츠,kosdaq
200857,한일진공,kosdaq
200858,아나패스,kosdaq
200859,아이티센,kosdaq
200860,태웅로직스,kosdaq
200861,아모그린텍,kosdaq
200862,비나텍,kosdaq
200863,코프라,kosdaq
200864,화신정공,kosdaq
200865,하이비젼시스템,kosdaq
200866,제이엔케이히터,kosdaq
200867,디엔에이링크,kosdaq
200868,아시아경제,kosdaq
200869,에코캡,kosdaq
200870,피제이메탈,kosdaq
200871,앱코,kosdaq
200872,GH신소재,kosdaq
200873,나이스디앤비,kosdaq
200874,티피씨글로벌,kosdaq
200875,디에이치피코리아,kosdaq
200876,시큐브,kosdaq
200877,스카이이앤엠,kosdaq
200878,딜리,kosdaq
200879,대한과학,kosdaq
200880,티에스이,kosdaq
200881,알서포트,kosdaq
200882,원익피앤이,kosdaq
200883,이브이첨단소재,kosdaq
200884,파인텍,kosdaq
200885,테스나,kosdaq
200886,메가엠디,kosdaq
200887,이퓨쳐,kosdaq
200888,디엠티,kosdaq
200889,하림,kosdaq
200890,쎄미시스코,kosdaq
200891,윈스,kosdaq
200892,피엔티,kosdaq
200893,넥스트아이,kosdaq
200894,제이씨케미칼,kosdaq
200895,신진에스엠,kosdaq
200896,오이솔루션,kosdaq
200897,비즈니스온,kosdaq
200898,나이벡,kosdaq
200899,엘아이에스,kosdaq
200900,시티랩스,kosdaq
200901,키네마스터,kosdaq
200902,서플러스글로벌,kosdaq
200903,메지온,kosdaq
200904,대창스틸,kosdaq
200905,알에스오토메이션,kosdaq
200906,파크시스템스,kosdaq
200907,비아트론,kosdaq
200908,레고켐바이오,kosdaq
200909,유니트론텍,kosdaq
200910,녹십자엠에스,kosdaq
200911,바이오리더스,kosdaq
200912,아이디스,kosdaq
200913,사람인에이치알,kosdaq
200914,영우디에스피,kosdaq
200915,녹십자랩셀,kosdaq
200916,뉴파워프라즈마,kosdaq
200917,휴젤,kosdaq
200918,마이크로프랜드,kosdaq
200919,제룡산업,kosdaq
200920,비디아이,kosdaq
200921,세경하이테크,kosdaq
200922,알엔투테크놀로지,kosdaq
200923,아바텍,kosdaq
200924,하이로닉,kosdaq
200925,인트로메딕,kosdaq
200926,파수,kosdaq
200927,KG ETS,kosdaq
200928,나노스,kosdaq
200929,네이블,kosdaq
200930,우리이앤엘,kosdaq
200931,옵티팜,kosdaq
200932,아시아종묘,kosdaq
200933,솔루에타,kosdaq
200934,와이엠씨,kosdaq
200935,엘앤케이바이오,kosdaq
200936,아톤,kosdaq
200937,제로투세븐,kosdaq
200938,NEW,kosdaq
200939,싸이맥스,kosdaq
200940,THE MIDONG,kosdaq
200941,필옵틱스,kosdaq
200942,핑거,kosdaq
200943,이루다,kosdaq
200944,하나머티리얼즈,kosdaq
200945,코아스템,kosdaq
200946,엠브레인,kosdaq
200947,현대공업,kosdaq
200948,파이오링크,kosdaq
200949,엘티씨,kosdaq
200950,램테크놀러지,kosdaq
200951,선익시스템,kosdaq
200952,라이온켐텍,kosdaq
200953,오파스넷,kosdaq
200954,에프엔씨엔터,kosdaq
200955,장원테크,kosdaq
200956,앱클론,kosdaq
200957,인포마크,kosdaq
200958,아이큐어,kosdaq
200959,베셀,kosdaq
200960,파버나인,kosdaq
200961,서진시스템,kosdaq
200962,PI첨단소재,kosdaq
200963,엠아이텍,kosdaq
200964,유티아이,kosdaq
200965,이즈미디어,kosdaq
200966,큐브엔터,kosdaq
200967,엔케이맥스,kosdaq
200968,코미코,kosdaq
200969,엔지켐생명과학,kosdaq
200970,SGA솔루션즈,kosdaq
200971,아이진,kosdaq
200972,그린플러스,kosdaq
200973,디티앤씨,kosdaq
200974,신화콘텍,kosdaq
200975,제노포커스,kosdaq
200976,에이디엠코리아,kosdaq
200977,나노,kosdaq
200978,디바이스이엔지,kosdaq
200979,인텔리안테크,kosdaq
200980,씨이랩,kosdaq
200981,포시에스,kosdaq
200982,서전기전,kosdaq
200983,흥국에프엔비,kosdaq
200984,나무가,kosdaq
200985,코리아에셋투자증권,kosdaq
200986,육일씨엔에쓰,kosdaq
200987,테고사이언스,kosdaq
200988,케이사인,kosdaq
200989,윈하이텍,kosdaq
200990,THQ,kosdaq
200991,슈피겐코리아,kosdaq
200992,와이제이엠게임즈,kosdaq
200993,데브시스터즈,kosdaq
200994,노바렉스,kosdaq
200995,마니커에프앤지,kosdaq
200996,에이비프로바이오,kosdaq
200997,알테오젠,kosdaq
200998,애니젠,kosdaq
200999,코아시아옵틱스,kosdaq
201000,디에이테크놀로지,kosdaq
201001,웹스,kosdaq
201002,디지캡,kosdaq
201003,엔피디,kosdaq
201004,고려시멘트,kosdaq
201005,제일전기공업,kosdaq
201006,콜마비앤에이치,kosdaq
201007,텔콘RF제약,kosdaq
201008,에이팩트,kosdaq
201009,휴메딕스,kosdaq
201010,에이디테크놀로지,kosdaq
201011,비씨월드제약,kosdaq
201012,미투온,kosdaq
201013,유니온커뮤니티,kosdaq
201014,드림시큐리티,kosdaq
201015,프로스테믹스,kosdaq
201016,그리티,kosdaq
201017,제이앤티씨,kosdaq
201018,글로벌텍스프리,kosdaq
201019,스튜디오산타클로스,kosdaq
201020,지엘팜텍,kosdaq
201021,엑셈,kosdaq
201022,휴마시스,kosdaq
201023,액션스퀘어,kosdaq
201024,베노홀딩스,kosdaq
201025,덱스터,kosdaq
201026,바디텍메드,kosdaq
201027,유바이오로직스,kosdaq
201028,미스터블루,kosdaq
201029,정다운,kosdaq
201030,파멥신,kosdaq
201031,지란지교시큐리티,kosdaq
201032,셀바스헬스케어,kosdaq
201033,썸에이지,kosdaq
201034,바이오로그디바이스,kosdaq
201035,AP위성,kosdaq
201036,네오오토,kosdaq
201037,미래테크놀로지,kosdaq
201038,덕산네오룩스,kosdaq
201039,클래시스,kosdaq
201040,민앤지,kosdaq
201041,라파스,kosdaq
201042,퓨쳐스트림네트웍스,kosdaq
201043,에스엘바이오닉스,kosdaq
201044,케어젠,kosdaq
201045,아이쓰리시스템,kosdaq
201046,파마리서치,kosdaq
201047,미코바이오메드,kosdaq
201048,디알텍,kosdaq
201049,뉴지랩파마,kosdaq
201050,골프존,kosdaq
201051,이디티,kosdaq
201052,로보로보,kosdaq
201053,메가스터디교육,kosdaq
201054,우리산업,kosdaq
201055,우정바이오,kosdaq
201056,토박스코리아,kosdaq
201057,이노인스트루먼트,kosdaq
201058,인크로스,kosdaq
201059,제테마,kosdaq
201060,제너셈,kosdaq
201061,넵튠,kosdaq
201062,싸이토젠,kosdaq
201063,에스디생명공학,kosdaq
201064,러셀,kosdaq
201065,켐온,kosdaq
201066,디딤,kosdaq
201067,강스템바이오텍,kosdaq
201068,엔에스,kosdaq
201069,미래생명자원,kosdaq
201070,RFHIC,kosdaq
201071,타이거일렉,kosdaq
201072,링크제니시스,kosdaq
201073,자안코스메틱,kosdaq
201074,지티지웰니스,kosdaq
201075,퓨쳐켐,kosdaq
201076,핸디소프트,kosdaq
201077,켐트로스,kosdaq
201078,맘스터치,kosdaq
201079,자안바이오,kosdaq
201080,하이즈항공,kosdaq
201081,케이디켐,kosdaq
201082,코스맥스엔비티,kosdaq
201083,씨아이에스,kosdaq
201084,팬젠,kosdaq
201085,쎄노텍,kosdaq
201086,심텍,kosdaq
201087,마이더스AI,kosdaq
201088,한국맥널티,kosdaq
201089,드림씨아이에스,kosdaq
201090,코디엠,kosdaq
201091,에이텍티앤,kosdaq
201092,삼양옵틱스,kosdaq
201093,제놀루션,kosdaq
201094,씨엠에스에듀,kosdaq
201095,케이엠제약,kosdaq
201096,보광산업,kosdaq
201097,넷게임즈,kosdaq
201098,패션플랫폼,kosdaq
201099,신테카바이오,kosdaq
201100,본느,kosdaq
201101,KH E&T,kosdaq
201102,오스테오닉,kosdaq
201103,한송네오텍,kosdaq
201104,올릭스,kosdaq
201105,디자인,kosdaq
201106,아우딘퓨쳐스,kosdaq
201107,엔투텍,kosdaq
201108,동양파일,kosdaq
201109,레이,kosdaq
201110,지노믹트리,kosdaq
201111,레이언스,kosdaq
201112,젠큐릭스,kosdaq
201113,에치에프알,kosdaq
201114,에코마케팅,kosdaq
201115,에이트원,kosdaq
201116,와이아이케이,kosdaq
201117,라온테크,kosdaq
201118,세원,kosdaq
201119,에스트래픽,kosdaq
201120,세틀뱅크,kosdaq
201121,녹십자웰빙,kosdaq
201122,자이글,kosdaq
201123,메드팩토,kosdaq
201124,슈프리마,kosdaq
201125,엔비티,kosdaq
201126,에스티팜,kosdaq
201127,피앤씨테크,kosdaq
201128,플레이디,kosdaq
201129,클리오,kosdaq
201130,앤디포스,kosdaq
201131,얼라인드,kosdaq
201132,비피도,kosdaq
201133,힘스,kosdaq
201134,줌인터넷,kosdaq
201135,에이치엘사이언스,kosdaq
201136,피엔에이치테크,kosdaq
201137,원익IPS,kosdaq
201138,DSC인베스트먼트,kosdaq
201139,유니테크노,kosdaq
201140,코스메카코리아,kosdaq
201141,메카로,kosdaq
201142,오션브릿지,kosdaq
201143,피씨엘,kosdaq
201144,에이스토리,kosdaq
201145,나무기술,kosdaq
201146,휴온스,kosdaq
201147,신흥에스이씨,kosdaq
201148,올리패스,kosdaq
201149,EDGC,kosdaq
201150,TS인베스트먼트,kosdaq
201151,티앤알바이오팹,kosdaq
201152,아스타,kosdaq
201153,이노테라피,kosdaq
201154,에코프로비엠,kosdaq
201155,나노씨엠에스,kosdaq
201156,보라티알,kosdaq
201157,모비스,kosdaq
201158,예선테크,kosdaq
201159,와이엠티,kosdaq
201160,브이원텍,kosdaq
201161,펌텍코리아,kosdaq
201162,세화피앤씨,kosdaq
201163,샘씨엔에스,kosdaq
201164,스튜디오드래곤,kosdaq
201165,네오셈,kosdaq
201166,수젠텍,kosdaq
201167,자비스,kosdaq
201168,SG,kosdaq
201169,야스,kosdaq
201170,한독크린텍,kosdaq
201171,포인트엔지니어링,kosdaq
201172,한국비엔씨,kosdaq
201173,케이피에스,kosdaq
201174,이더블유케이,kosdaq
201175,소프트캠프,kosdaq
201176,세종메디칼,kosdaq
201177,엠플러스,kosdaq
201178,알리코제약,kosdaq
201179,씨티케이,kosdaq
201180,덴티스,kosdaq
201181,에이프로,kosdaq
201182,아이퀘스트,kosdaq
201183,디케이앤디,kosdaq
201184,유틸렉스,kosdaq
201185,덕우전자,kosdaq
201186,디알젬,kosdaq
201187,케어랩스,kosdaq
201188,디앤씨미디어,kosdaq
201189,펄어비스,kosdaq
201190,유에스티,kosdaq
201191,데이타솔루션,kosdaq
201192,상신전자,kosdaq
201193,지니언스,kosdaq
201194,유비쿼스,kosdaq
201195,씨앤지하이테크,kosdaq
201196,이랜시스,kosdaq
201197,AP시스템,kosdaq
201198,영화테크,kosdaq
201199,엔에프씨,kosdaq
201200,나인테크,kosdaq
201201,배럴,kosdaq
201202,매일유업,kosdaq
201203,셀리버리,kosdaq
201204,시스웍,kosdaq
201205,지엔원에너지,kosdaq
201206,에브리봇,kosdaq
201207,뉴트리,kosdaq
201208,케이엔제이,kosdaq
201209,이녹스첨단소재,kosdaq
201210,와이즈버즈,kosdaq
201211,켄코아에어로스페이스,kosdaq
201212,에스에스알,kosdaq
201213,제주맥주,kosdaq
201214,린드먼아시아,kosdaq
201215,인산가,kosdaq
201216,레인보우로보틱스,kosdaq
201217,티에스아이,kosdaq
201218,천보,kosdaq
201219,노터스,kosdaq
201220,미디어젠,kosdaq
201221,레이크머티리얼즈,kosdaq
201222,코윈테크,kosdaq
201223,카이노스메드,kosdaq
201224,노바텍,kosdaq
201225,나노브릭,kosdaq
201226,제이시스메디칼,kosdaq
201227,브릿지바이오테라퓨틱스,kosdaq
201228,에스퓨얼셀,kosdaq
201229,아이스크림에듀,kosdaq
201230,SV인베스트먼트,kosdaq
201231,자이언트스텝,kosdaq
201232,대유에이피,kosdaq
201233,휴네시온,kosdaq
201234,대유,kosdaq
201235,코리아센터,kosdaq
201236,신도기연,kosdaq
201237,디케이티,kosdaq
201238,엘앤씨바이오,kosdaq
201239,네오펙트,kosdaq
201240,대보마그네틱,kosdaq
201241,소룩스,kosdaq
201242,푸드나무,kosdaq
201243,액트로,kosdaq
201244,삼성스팩2호,kosdaq
201245,압타머사이언스,kosdaq
201246,카카오게임즈,kosdaq
201247,나우IB,kosdaq
201248,압타바이오,kosdaq
201249,이오플로우,kosdaq
201250,레몬,kosdaq
201251,쿠콘,kosdaq
201252,서남,kosdaq
201253,씨에스베어링,kosdaq
201254,알로이스,kosdaq
201255,HB솔루션,kosdaq
201256,에스씨엠생명과학,kosdaq
201257,에이비엘바이오,kosdaq
201258,더네이쳐홀딩스,kosdaq
201259,하나기술,kosdaq
201260,더블유에스아이,kosdaq
201261,셀리드,kosdaq
201262,위지윅스튜디오,kosdaq
201263,베스파,kosdaq
201264,플리토,kosdaq
201265,라온피플,kosdaq
201266,바이브컴퍼니,kosdaq
201267,이노메트리,kosdaq
201268,리메드,kosdaq
201269,지니틱스,kosdaq
201270,이노뎁,kosdaq
201271,솔트룩스,kosdaq
201272,피플바이오,kosdaq
201273,마이크로디지탈,kosdaq
201274,에스제이그룹,kosdaq
201275,네온테크,kosdaq
201276,아이엘사이언스,kosdaq
201277,원바이오젠,kosdaq
201278,국전약품,kosdaq
201279,컴퍼니케이,kosdaq
201280,까스텔바작,kosdaq
201281,오하임아이엔티,kosdaq
201282,애니플러스,kosdaq
201283,키움제5호스팩,kosdaq
201284,네오크레마,kosdaq
201285,천랩,kosdaq
201286,에이에프더블류,kosdaq
201287,유안타제4호스팩,kosdaq
201288,윌링스,kosdaq
201289,지놈앤컴퍼니,kosdaq
201290,바이오다인,kosdaq
201291,케이비17호스팩,kosdaq
201292,라닉스,kosdaq
201293,TS트릴리온,kosdaq
201294,한화에스비아이스팩,kosdaq
201295,덕산테코피아,kosdaq
201296,캐리소프트,kosdaq
201297,퀀타매트릭스,kosdaq
201298,슈프리마아이디,kosdaq
201299,에스피시스템스,kosdaq
201300,대모,kosdaq
201301,엔바이오니아,kosdaq
201302,한국바이오젠,kosdaq
201303,팜스빌,kosdaq
201304,포인트모바일,kosdaq
201305,비비씨,kosdaq
201306,현대무벡스,kosdaq
201307,피에스케이,kosdaq
201308,윈텍,kosdaq
201309,유진스팩4호,kosdaq
201310,티움바이오,kosdaq
201311,와이더플래닛,kosdaq
201312,티라유텍,kosdaq
201313,오로스테크놀로지,kosdaq
201314,제이엘케이,kosdaq
201315,코퍼스코리아,kosdaq
201316,이베스트이안스팩1호,kosdaq
201317,엠에프엠코리아,kosdaq
201318,신영스팩5호,kosdaq
201319,케이비제18호스팩,kosdaq
201320,박셀바이오,kosdaq
201321,RF머트리얼즈,kosdaq
201322,미래에셋대우스팩3호,kosdaq
201323,상상인이안제2호스팩,kosdaq
201324,위더스제약,kosdaq
201325,네패스아크,kosdaq
201326,케이비제19호스팩,kosdaq
201327,유진스팩5호,kosdaq
201328,교보9호스팩,kosdaq
201329,셀레믹스,kosdaq
201330,아이디피,kosdaq
201331,와이팜,kosdaq
201332,하나금융14호스팩,kosdaq
201333,신한제6호스팩,kosdaq
201334,일승,kosdaq
201335,엔시스,kosdaq
201336,프레스티지바이오로직스,kosdaq
201337,프리시젼바이오,kosdaq
201338,IBKS제12호스팩,kosdaq
201339,비올,kosdaq
201340,유안타제5호스팩,kosdaq
201341,대신밸런스제8호스팩,kosdaq
201342,SK5호스팩,kosdaq
201343,브랜드엑스코퍼레이션,kosdaq
201344,뷰노,kosdaq
201345,아이비김영,kosdaq
201346,하이제5호스팩,kosdaq
201347,SK6호스팩,kosdaq
201348,유안타제6호스팩,kosdaq
201349,티앤엘,kosdaq
201350,유일에너테크,kosdaq
201351,하나금융15호스팩,kosdaq
201352,케이비제20호스팩,kosdaq
201353,하나금융16호스팩,kosdaq
201354,신영스팩6호,kosdaq
201355,센코,kosdaq
201356,케이프이에스제4호,kosdaq
201357,라이프시맨틱스,kosdaq
201358,피엔케이피부임상연구센타,kosdaq
201359,핌스,kosdaq
201360,알체라,kosdaq
201361,엠투아이,kosdaq
201362,모비릭스,kosdaq
201363,고바이오랩,kosdaq
201364,넥스틴,kosdaq
201365,위드텍,kosdaq
201366,이베스트스팩5호,kosdaq
201367,이삭엔지니어링,kosdaq
201368,IBKS제13호스팩,kosdaq
201369,씨앤씨인터내셔널,kosdaq
201370,씨앤투스성진,kosdaq
201371,클리노믹스,kosdaq
201372,오비고,kosdaq
201373,인바이오,kosdaq
201374,에이치엠씨제5호스팩,kosdaq
201375,에이치엠씨제4호스팩,kosdaq
201376,휴럼,kosdaq
201377,미래에셋대우스팩 5호,kosdaq
201378,이지바이오,kosdaq
201379,엔젠바이오,kosdaq
201380,교보10호스팩,kosdaq
201381,티엘비,kosdaq
201382,싸이버원,kosdaq
201383,에이치피오,kosdaq
201384,석경에이티,kosdaq
201385,아모센스,kosdaq
201386,솔브레인,kosdaq
201387,제노코,kosdaq
201388,삼영에스앤씨,kosdaq
201389,진시스템,kosdaq
201390,하나금융17호스팩,kosdaq
201391,큐라클,kosdaq
201392,엔에이치스팩18호,kosdaq
201393,DB금융스팩8호,kosdaq
201394,DB금융스팩9호,kosdaq
201395,유안타제7호스팩,kosdaq
201396,유안타제8호스팩,kosdaq
201397,한국9호스팩,kosdaq
201398,하나머스트7호스팩,kosdaq
201399,유진스팩6호,kosdaq
201400,엘비루셈,kosdaq
201401,맥스트,kosdaq
201402,하이제6호스팩,kosdaq
201403,삼성스팩4호,kosdaq
201404,삼성머스트스팩5호,kosdaq
201405,에코프로에이치엔,kosdaq
201406,미투젠,kosdaq
201407,SBI핀테크솔루션즈,kosdaq
201408,JTC,kosdaq
201409,SNK,kosdaq
201410,엑세스바이오,kosdaq
201411,잉글우드랩,kosdaq
201412,네오이뮨텍(Reg.S),kosdaq
201413,소마젠,kosdaq
201414,골든센츄리,kosdaq
201415,씨케이에이치,kosdaq
201416,크리스탈신소재,kosdaq
201417,글로벌에스엠,kosdaq
201418,차이나하오란,kosdaq
201419,에스앤씨엔진그룹,kosdaq
201420,완리,kosdaq
201421,GRT,kosdaq
201422,제일홀딩스,kosdaq
201423,포스코켐텍,kosdaq
201424,대양제지,kosdaq
201425,대명코퍼레이션,kosdaq
201426,행남자기,kosdaq
201427,코센,kosdaq
201428,서연전자,kosdaq
201429,청보산업,kosdaq
201430,보령메디앙스,kosdaq
201431,로엔,kosdaq
201432,이테크건설,kosdaq
201433,포비스티앤씨,kosdaq
201434,데코앤이,kosdaq
201435,지엠피,kosdaq
201436,그랜드백화점,kosdaq
201437,제미니투자,kosdaq
201438,대호피앤씨,kosdaq
201439,대호피앤씨우,kosdaq
201440,아트라스BX,kosdaq
201441,하림홀딩스,kosdaq
201442,세원물산,kosdaq
201443,갑을메탈,kosdaq
201444,에머슨퍼시픽,kosdaq
201445,현대정보기술,kosdaq
201446,카테아,kosdaq
201447,미래SCI,kosdaq
201448,GS홈쇼핑,kosdaq
201449,바른테크놀로지,kosdaq
201450,에스마크,kosdaq
201451,엠젠플러스,kosdaq
201452,GMR 머티리얼즈,kosdaq
201453,이디,kosdaq
201454,디케이디앤아이,kosdaq
201455,좋은사람들,kosdaq
201456,이젠텍,kosdaq
201457,스카이문스테크놀로지,kosdaq
201458,인터파크홀딩스,kosdaq
201459,더블유에프엠,kosdaq
201460,CJ오쇼핑,kosdaq
201461,KTH,kosdaq
201462,씨티엘,kosdaq
201463,영인프런티어,kosdaq
201464,이매진아시아,kosdaq
201465,제이콘텐트리,kosdaq
201466,버추얼텍,kosdaq
201467,팍스넷,kosdaq
201468,텍셀네트컴,kosdaq
201469,현대통신,kosdaq
201470,폭스브레인,kosdaq
201471,스포츠서울,kosdaq
201472,누리텔레콤,kosdaq
201473,인프라웨어,kosdaq
201474,에버다임,kosdaq
201475,젬백스테크놀러지,kosdaq
201476,포워드컴퍼니스,kosdaq
201477,팜스웰바이오,kosdaq
201478,케이맥,kosdaq
201479,평화정공,kosdaq
201480,크로바하이텍,kosdaq
201481,KD건설,kosdaq
201482,유니더스,kosdaq
201483,태웅,kosdaq
201484,이-글 벳,kosdaq
201485,DB라이텍,kosdaq
201486,코아시아홀딩스,kosdaq
201487,우리로,kosdaq
201488,초록뱀,kosdaq
201489,씨트리,kosdaq
201490,현대아이비티,kosdaq
201491,라이브플렉스,kosdaq
201492,한국코퍼레이션,kosdaq
201493,넥스트바이오홀딩스,kosdaq
201494,이에스에이,kosdaq
201495,SK바이오랜드,kosdaq
201496,트레이스,kosdaq
201497,W홀딩컴퍼니,kosdaq
201498,오성엘에스티,kosdaq
201499,와이디온라인,kosdaq
201500,소리바다,kosdaq
201501,세코닉스,kosdaq
201502,중앙오션,kosdaq
201503,비츠로시스,kosdaq
201504,엔알케이,kosdaq
201505,케이피티,kosdaq
201506,한컴시큐어,kosdaq
201507,신스타임즈,kosdaq
201508,포스링크,kosdaq
201509,와이비엠넷,kosdaq
201510,SKC 솔믹스,kosdaq
201511,옴니텔,kosdaq
201512,토필드,kosdaq
201513,아리온,kosdaq
201514,제이웨이,kosdaq
201515,일야,kosdaq
201516,크레아플래닛,kosdaq
201517,레드로버,kosdaq
201518,아이리버,kosdaq
201519,퍼시픽바이오,kosdaq
201520,에프엔씨애드컬쳐,kosdaq
201521,바른전자,kosdaq
201522,필링크,kosdaq
201523,에프티이앤이,kosdaq
201524,에스아이리소스,kosdaq
201525,전파기지국,kosdaq
201526,녹원씨아이,kosdaq
201527,대진디엠피,kosdaq
201528,바이오빌,kosdaq
201529,한프,kosdaq
201530,투윈글로벌,kosdaq
201531,브레인콘텐츠,kosdaq
201532,셀트리온,kosdaq
201533,코스온,kosdaq
201534,라이트론,kosdaq
201535,한솔시큐어,kosdaq
201536,대유위니아,kosdaq
201537,태양씨앤엘,kosdaq
201538,네오디안테크놀로지,kosdaq
201539,넥센테크,kosdaq
201540,디비케이,kosdaq
201541,에이티테크놀러지,kosdaq
201542,삼원테크,kosdaq
201543,한컴지엠디,kosdaq
201544,두올산업,kosdaq
201545,코렌,kosdaq
201546,일경산업개발,kosdaq
201547,EMW,kosdaq
201548,에스제이케이,kosdaq
201549,넥스지,kosdaq
201550,삼우엠스,kosdaq
201551,루미마이크로,kosdaq
201552,우리이티아이,kosdaq
201553,KJ프리텍,kosdaq
201554,크리스탈,kosdaq
201555,수성,kosdaq
201556,바이로메드,kosdaq
201557,화신테크,kosdaq
201558,네패스신소재,kosdaq
201559,넥스턴,kosdaq
201560,고려반도체,kosdaq
201561,디에스티로봇,kosdaq
201562,SIMPAC Metal,kosdaq
201563,연이정보통신,kosdaq
201564,이지웰페어,kosdaq
201565,넥스트칩,kosdaq
201566,이엘케이,kosdaq
201567,갤럭시아컴즈,kosdaq
201568,코닉글로리,kosdaq
201569,엠씨넥스,kosdaq
201570,ITX엠투엠,kosdaq
201571,한솔신텍,kosdaq
201572,씨그널엔터테인먼트그룹,kosdaq
201573,디엠씨,kosdaq
201574,한국정밀기계,kosdaq
201575,조이맥스,kosdaq
201576,해덕파워웨이,kosdaq
201577,에스앤더블류,kosdaq
201578,동양피엔에프,kosdaq
201579,알비케이이엠디,kosdaq
201580,실리콘웍스,kosdaq
201581,에스와이패널,kosdaq
201582,지와이커머스,kosdaq
201583,삼본정밀전자,kosdaq
201584,에스에프씨,kosdaq
201585,웰크론강원,kosdaq
201586,지스마트글로벌,kosdaq
201587,우노앤컴퍼니,kosdaq
201588,아이원스,kosdaq
201589,큐리언트,kosdaq
201590,씨엔플러스,kosdaq
201591,아이텍반도체,kosdaq
201592,골프존뉴딘,kosdaq
201593,에스디시스템,kosdaq
201594,삼기오토모티브,kosdaq
201595,옵토팩,kosdaq
201596,테라세미콘,kosdaq
201597,사파이어테크놀로지,kosdaq
201598,뉴로스,kosdaq
201599,매직마이크로,kosdaq
201600,CJ E&M,kosdaq
201601,리켐,kosdaq
201602,피앤이솔루션,kosdaq
201603,액트,kosdaq
201604,화진,kosdaq
201605,에이씨티,kosdaq
201606,아이지스시스템,kosdaq
201607,넥스트리밍,kosdaq
201608,포티스,kosdaq
201609,맥스로텍,kosdaq
201610,모다,kosdaq
201611,파수닷컴,kosdaq
201612,지디,kosdaq
201613,인터불스,kosdaq
201614,스킨앤스킨,kosdaq
201615,에스엔텍,kosdaq
201616,미동앤씨네마,kosdaq
201617,내츄럴엔도텍,kosdaq
201618,에이치엔티,kosdaq
201619,유테크,kosdaq
201620,SKC코오롱PI,kosdaq
201621,엠지메드,kosdaq
201622,에이티젠,kosdaq
201623,테라셈,kosdaq
201624,더블유게임즈,kosdaq
201625,감마누,kosdaq
201626,파티게임즈,kosdaq
201627,우성아이비,kosdaq
201628,퓨전데이타,kosdaq
201629,유지인트,kosdaq
201630,텔루스,kosdaq
201631,리드,kosdaq
201632,텔콘,kosdaq
201633,하이셈,kosdaq
201634,화이브라더스코리아,kosdaq
201635,현성바이탈,kosdaq
201636,엔터메이트,kosdaq
201637,엔지스테크널러지,kosdaq
201638,파마리서치프로덕트,kosdaq
201639,에치디프로,kosdaq
201640,유진에이씨피씨스팩2호,kosdaq
201641,우정비에스씨,kosdaq
201642,신라젠,kosdaq
201643,미래에셋제3호스팩,kosdaq
201644,엔에이치스팩7호,kosdaq
201645,키움스팩3호,kosdaq
201646,MP한강,kosdaq
201647,골든브릿지제3호스팩,kosdaq
201648,한화에이스스팩2호,kosdaq
201649,유안타제2호스팩,kosdaq
201650,해마로푸드서비스,kosdaq
201651,유진스팩3호,kosdaq
201652,한솔씨앤피,kosdaq
201653,케이비드림3호스팩,kosdaq
201654,뉴트리바이오텍,kosdaq
201655,케이비제8호스팩,kosdaq
201656,닉스테크,kosdaq
201657,교보5호스팩,kosdaq
201658,이에스브이,kosdaq
201659,IBKS제3호스팩,kosdaq
201660,이베스트스팩3호,kosdaq
201661,신영스팩2호,kosdaq
201662,쿠첸,kosdaq
201663,에이치엠씨3호스팩,kosdaq
201664,아이엠텍,kosdaq
201665,이엑스티,kosdaq
201666,키움스팩4호,kosdaq
201667,골든브릿지제4호스팩,kosdaq
201668,하나금융7호스팩,kosdaq
201669,동부제4호스팩,kosdaq
201670,솔트웍스,kosdaq
201671,케이비제9호스팩,kosdaq
201672,SK3호스팩,kosdaq
201673,하이에이아이1호스팩,kosdaq
201674,로고스바이오,kosdaq
201675,미래에셋제5호스팩,kosdaq
201676,한국4호스팩,kosdaq
201677,교보비엔케이스팩,kosdaq
201678,티에스인베스트먼트,kosdaq
201679,케이비제10호스팩,kosdaq
201680,IBKS제5호스팩,kosdaq
201681,엔에이치스팩10호,kosdaq
201682,엔에이치스팩11호,kosdaq
201683,신한제3호스팩,kosdaq
201684,케이비제11호스팩,kosdaq
201685,씨티케이코스메틱스,kosdaq
201686,하나금융9호스팩,kosdaq
201687,대신밸런스제4호스팩,kosdaq
201688,샘코,kosdaq
201689,신영스팩3호,kosdaq
201690,에스엔피월드,kosdaq
201691,한화에이스스팩3호,kosdaq
201692,IBKS제6호스팩,kosdaq
201693,미래에셋대우스팩1호,kosdaq
201694,한화수성스팩,kosdaq
201695,교보7호스팩,kosdaq
201696,하나금융10호스팩,kosdaq
201697,한국제5호스팩,kosdaq
201698,엔에이치스팩12호,kosdaq
201699,IBKS제7호스팩,kosdaq
201700,IBKS제8호스팩,kosdaq
201701,신한제4호스팩,kosdaq
201702,한화에이스스팩4호,kosdaq
201703,한국제6호스팩,kosdaq
201704,동부스팩5호,kosdaq
201705,티슈진(Reg.S),kosdaq
201706,차이나그레이트,kosdaq
201707,뉴프라이드,kosdaq
201708,현진소재,kosdaq
201709,레이젠,kosdaq
201710,캔서롭,kosdaq
201711,바이오제네틱스,kosdaq
201712,피앤텔,kosdaq
201713,제이스테판,kosdaq
201714,세미콘라이트,kosdaq
201715,하이제3호스팩,kosdaq
201716,위노바,kosdaq
201717,썬코어,kosdaq
201718,데일리블록체인,kosdaq
201719,녹원씨엔아이,kosdaq
201720,에코마이스터,kosdaq
201721,유니맥스정보시스템,kosdaq
201722,코오롱티슈진(Reg.S),kosdaq
201723,대신밸런스제3호스팩,kosdaq
201724,카카오M,kosdaq
201725,동부스팩3호,kosdaq
201726,중앙리빙테크,kosdaq
201727,바이오닉스진,kosdaq
201728,에너전트,kosdaq
201729,행남사,kosdaq
201730,원익테라세미콘,kosdaq
201731,스틸플라워,kosdaq
201732,디에스티,kosdaq
201733,한컴유니맥스,kosdaq
201734,STC,kosdaq
201735,유안타제3호스팩,kosdaq
201736,한국제7호스팩,kosdaq
201737,에스모,kosdaq
201738,케이디 네이쳐 엔 바이오,kosdaq
201739,하나금융11호스팩,kosdaq
201740,신텍,kosdaq
201741,에이코넬,kosdaq
201742,슈펙스비앤피,kosdaq
201743,씨티젠,kosdaq
201744,에이아이비트,kosdaq
201745,피엠지파마,kosdaq
201746,IBKS제9호스팩,kosdaq
201747,엠코르셋,kosdaq
201748,아컴스튜디오,kosdaq
201749,에임하이,kosdaq
201750,대신밸런스제5호스팩,kosdaq
201751,명성티엔에스,kosdaq
201752,IBKS제10호스팩,kosdaq
201753,위너지스,kosdaq
201754,C&S자산관리,kosdaq
201755,나우아이비캐피탈,kosdaq
201756,DB금융스팩6호,kosdaq
201757,지투하이소닉,kosdaq
201758,코오롱티슈진,kosdaq
201759,마이크로텍,kosdaq
201760,하나머스트제6호스팩,kosdaq
201761,교보8호스팩,kosdaq
201762,SK4호스팩,kosdaq
201763,골든브릿지이안5호,kosdaq
201764,대신밸런스제6호스팩,kosdaq
201765,삼성머스트스팩3호,kosdaq
201766,한국제8호스팩,kosdaq
201767,신영스팩4호,kosdaq
201768,미래에셋대우스팩2호,kosdaq
201769,엔에이치스팩13호,kosdaq
201770,한류에이아이센터,kosdaq
201771,GV,kosdaq
201772,한류AI센터,kosdaq
201773,화텍파워,kosdaq
201774,스튜디오 썸머,kosdaq
201775,한류타임즈,kosdaq
201776,스튜디오썸머,kosdaq
201777,파인넥스,kosdaq
201778,포스코케미칼,kosdaq
201779,럭슬,kosdaq
201780,뉴지랩,kosdaq
201781,삼본전자,kosdaq
201782,블러썸엠앤씨,kosdaq
201783,디오스텍,kosdaq
201784,코너스톤네트웍스,kosdaq
201785,하이제4호스팩,kosdaq
201786,엔에이치스팩14호,kosdaq
201787,UCI,kosdaq
201788,한국아트라스비엑스,kosdaq
201789,센트럴바이오,kosdaq
201790,DB금융스팩7호,kosdaq
201791,까스텔바쟉,kosdaq
201792,상상인이안1호스팩,kosdaq
201793,필로시스헬스케어,kosdaq
201794,신한제5호스팩,kosdaq
201795,리퓨어유니맥스,kosdaq
201796,케이알피앤이,kosdaq
201797,나인컴플렉스,kosdaq
201798,에스모 머티리얼즈,kosdaq
201799,스타모빌리티,kosdaq
201800,유니맥스글로벌,kosdaq
201801,하나금융13호스팩,kosdaq
201802,아이에이네트웍스,kosdaq
201803,에스엔텍비엠,kosdaq
201804,대신밸런스제7호스팩,kosdaq
201805,미래에셋대우스팩4호,kosdaq
201806,퓨전,kosdaq
201807,제이테크놀로지,kosdaq
201808,IBKS제11호스팩,kosdaq
201809,글로스퍼랩스,kosdaq
201810,알이피,kosdaq
201811,제이엘케이인스펙션,kosdaq
201812,코썬바이오,kosdaq
201813,메탈라이프,kosdaq
201814,엔에이치스팩15호,kosdaq
201815,한화플러스제1호스팩,kosdaq
201816,강원,kosdaq
201817,메디앙스,kosdaq
201818,라이브파이낸셜,kosdaq
201819,썬텍,kosdaq
201820,메디포럼제약,kosdaq
201821,에이프런티어,kosdaq
201822,이노와이즈,kosdaq
201823,네스엠,kosdaq
201824,이지웰,kosdaq
201825,경남바이오파마,kosdaq
201826,자안,kosdaq
201827,아이엠이연이,kosdaq
201828,OQP,kosdaq
201829,엔에이치스팩16호,kosdaq
201830,엘이티,kosdaq
201831,IBKS제14호스팩,kosdaq
201832,마크로밀엠브레인,kosdaq
201833,소마젠(Reg.S),kosdaq
201834,플리트 엔터테인먼트,kosdaq
201835,ITX-AI,kosdaq
201836,피엔케이,kosdaq
201837,엔에이치스팩17호,kosdaq
201838,MP그룹,kosdaq
201839,대신밸런스제9호스팩,kosdaq
201840,신한제7호스팩,kosdaq
201841,IBKS제15호스팩,kosdaq
201842,에이치디,kosdaq
201843,에이팸,kosdaq
